page,time_in_video,mode,font_size,color,send_time,danmu_pool,user_hash,danmu_id,content
1,244.939,1,25,16777215,1643280482,0,94e80894,974666340979875840,从零开始的诈骗生活
1,326.219,5,25,16646914,1643203324,0,6877cba9,974019094688759808,《我不是黑客》
1,278.367,5,25,15138834,1643266678,0,f95f6b80,974550549089558528,《不  再  是  个  人》
1,250.259,5,25,15138834,1643285865,0,5fe60375,974711504480739328,诈骗从入门到大师
1,2.579,5,25,15138834,1643193815,0,adea82da,973939327986589696,@  波  桑  诈  骗  世  界
1,63.27,5,25,16646914,1643191715,0,d12eeef0,973921716654956544,奇怪的语言增加了
1,44.774,5,25,16646914,1643191681,0,d12eeef0,973921426610651136,《老   兄》
1,332.099,5,25,16707842,1643241080,0,efc2258,974335816753971200,无痕模式没用的，最多起一个心理安慰
1,81.504,5,25,15138834,1643193849,0,a0a45393,973939615312347136,《亿些》
1,88.418,5,25,16776960,1643436753,0,febb7fb9,975977238503514112,《 我 不 是 黑 客 》
1,94.765,5,25,16646914,1643199420,0,eb001de6,973986343909507072,线下生擒【doge】
1,116.788,5,25,16707842,1643219290,0,f2b1ce6,974153027425107968,长沙大圆圈之父(bushi
1,199.219,5,25,15138834,1643575542,0,75da7466,977141484957245440,一般第二个人也是本人，群主账号随时会封需要一个备用
1,126.924,5,25,16707842,1643203810,0,f201d1df,974023176960409600,好家伙，还以为找饿了去吃烧烤
1,166.161,5,25,15138834,1643192427,0,c985fc7a,973927682450513920,《covid》
1,299.687,5,25,9033215,1643276008,0,22445f40,974628813278822400,小心有人给你转账0.01元（doge）
1,261.956,5,25,15138834,1644150888,0,392b827a,981967841859330048,这里注意：开头已经说过了名字是虚构的
1,72.447,5,25,15138834,1643623575,0,a81b4b57,977544418246025216,买小号可以有效防止开盒，做到挡刀的效果
1,254.617,5,25,15138834,1643604350,0,72c69c68,977383147494670336,诈骗从入门到入狱
1,27.243,1,25,16777215,1643591524,0,bdb0b03f,977275556110671872,遇到了，然后盗了Ta的号
1,392.087,5,25,15138834,1643249577,0,5533927f,974407091433742336,撞库是拿已经知道的密码去试同一个人的其他账号，这个是暴力破解
1,231.382,5,25,16707842,1643194194,0,eea2f52f,973942512593223680,《知乎》
1,435.39,5,25,16755202,1643192194,0,d12eeef0,973925730041290752,《牛逼》
1,132.859,1,25,16777215,1643360953,0,6c18e21,975341388271345664,B站是最大的副业基地.dog
1,41.787,1,25,16707842,1643288022,0,49d90201,974729594015825920,《有何指教》
1,215.42,5,25,15138834,1643257690,0,ab27ba6b,974475147620614144,《买与卖》
1,18.819,5,25,15138834,1643226693,0,5909f817,974215131562008576,遇到过，但是没被骗，还把对面玩儿了
1,291.133,1,25,16777215,1643264953,0,fe76a1,974536080867246080,卧槽 还真有叫付岩杰的
1,327.784,5,25,16707842,1643202744,0,ba78d770,974014230218842112,这就提现了无痕模式的重要性了(dogo)
1,282.204,5,25,16776960,1643258600,0,ad5d9ed5,974482787475718144,笑yue了，哈哈哈哈哈哈哈哈哈，洗洗更健康
1,224.914,1,25,16777215,1643208891,0,404d6a6b,974065792852828160,好了，信息全了
1,91.46,5,25,15138834,1643193881,0,a0a45393,973939883546951680,这不就巧了吗（doge）
1,293.282,1,25,16777215,1643544502,0,f3d3c71e,976881107197624320,《付   岩  杰》
1,82.173,5,25,16707842,1643357052,0,92e35a95,975308660469702656,《一不小心》
1,339.139,1,25,16777215,1643596878,0,d69a1aae,977320470013427712,无痕浏览只是图一乐
1,266.686,5,25,38979,1643191882,0,379ed4e6,973923113071345664,这名字这么健康（doge）
1,189.9,5,25,16646914,1644301543,0,d0530616,983231624591785984,这头像和我一样！！！
1,250.356,1,25,6830715,1643283841,0,4346496d,974694526127407104,理论基础，全概率公式[doge]
1,242.762,1,25,16777215,1643199462,0,2988d8af,973986698680008704,（纯属小白）
1,93.623,5,25,16776960,1668503793,0,e13b5905,1186254816893213696,线  下  单  杀
1,49.296,5,25,15138834,1643374212,0,7ac195f5,975452611750617088,坡子街派出所欢迎大家
1,73.021,5,25,15138834,1643280140,0,4355e7a0,974663473582505984,打游戏的
1,98.613,5,25,15138834,1643262065,0,cbf2c68f,974511853418250240,大数据给你推送身边的人（doge
1,332.109,5,25,16646914,1643200043,0,eb001de6,973991574224748544,厉害《有何指教》
1,133.267,1,25,16777215,1644070264,0,8ba76a0b,981291518153990144,感觉好危险
1,205.332,5,25,15138834,1643862698,0,ec5d0238,979550322506424320,你这样的白帽子应该被国家保护才对
1,11.295,1,25,16777215,1643254233,0,530fd065,974446149848137728,不敢催更系列
1,384.249,1,25,16777215,1643221991,0,6b276443,974175687631609856,不是撞库，就是试密码
1,262.778,1,25,16777215,1644038128,0,3b5a23a8,981021939583074304,妇yan洁哈哈哈哈哈哈
1,413.364,5,25,15138834,1643386893,0,db6866ea,975558984926797824,现在也有很多网吧盗号的，兄弟们记得注意
1,402.382,1,25,16777215,1643251236,0,ae121995,974421007953854464,懂了，挖矿！
1,239.858,1,25,16777215,1643236200,0,86e5a9cb,974294878599946240,哈哈，笨蛋
1,330.031,5,25,16646914,1645589861,0,3fbce06d,994038820575232000,《老兄有何指教》
1,516.257,1,25,16707842,1643947212,0,b1ec7987,980259282124021760,这就是为什么一抓抓一窝的原因。
1,384.731,5,25,15138834,1643695653,0,1252a01c,978149051083800576,完了我有个号123456abc
1,425.53,5,25,15138834,1645161031,0,f1d07b16,990441530102816768,还好我没钱（
1,260.921,5,25,15138834,1643268025,0,f8ed44bc,974561852002844672,妇   炎   洁
1,315.597,1,25,16777215,1644139515,0,65ad9457,981872437586231296,从零开始的诈骗生活
1,259.562,1,25,16777215,1643858791,0,93de7a40,979517549968695296,血亏1分钱(doge)
1,283.165,1,25,16777215,1643379187,0,51f365b9,975494345653878784,《天眼查》
1,327.822,1,25,16777215,1643363865,0,5e4782eb,975365812768874496,无痕模式也没用
1,163.697,1,25,16777215,1643270245,0,780a8762,974580471146471424,这玩意儿居然都有售后…
1,271.459,1,25,16777215,1643264337,0,76c74ed0,974530906483326976,洗洗更健康了属于是
1,119.784,5,25,16777215,1644732348,0,b545f912,986845477545934848,决赛圈
1,1.554,5,25,15138834,1644493578,0,dcd5e95,984842528491134976,你好，田所浩二
1,92.608,5,25,41194,1644456173,0,23450a01,984528754452455424,这就很巧了朋友们，我就在长沙出差啊（doge）
1,141.07,5,25,15138834,1644455197,0,19192037,984520571693219840,现在视频里的地点信息是虚构的啊…
1,259.613,5,25,41194,1644286533,0,a7b87512,983105714385240064,注意了 当有陌生人给你转账一分钱，要小心了！
1,105.054,5,25,14811775,1644111691,0,d0eb4305,981639035342053376,替身使者之间是相互吸引的
1,122.141,5,25,15138834,1643343652,0,565a2a9a,975196253285449728,在湘江底下（doge）
1,207.954,1,25,16777215,1645066460,0,a76e06c2,989648213158920192,开盒常用手段
1,38.501,1,25,16777215,1644127995,0,661606b,981775797219500032,腾讯也有问题吧
1,332.385,5,25,15138834,1643639779,0,b87b6f89,977680342693191680,无痕模式应该也是能看见的吧
1,377.763,1,25,16777215,1643569184,0,41852249,977088152075608064,我去我看到我之前的QQ号了！吃瓜吃到自己家可还行
1,74.928,5,25,16777215,1643341041,0,ec1c1fe1,975174352626188288,开盒的买小号档刀捏
1,370.043,1,25,16777215,1643254865,0,54f2a0be,974451451329167360,我之前忘密码的一个号，现在有人在用。。。
1,100.745,5,25,16646914,1643248666,0,81991112,974399449294708736,我去，这不就在我家附近吗！！！
1,234.514,1,25,15138834,1644125441,0,9d7f49fe,981754378440581120,卧槽，这个问题我当时看到过
1,208.159,1,25,16777215,1644067644,0,4f89c828,981269540599398400,好家伙艾登
1,80.859,5,25,16707842,1643814803,0,65a6e5ef,979148554219487232,开小号扮美女让兄弟兴奋
1,133.139,1,25,16777215,1643806715,0,1ef672e7,979080708851171328,注意安全
1,261.092,5,25,16707842,1643796544,0,98e649b0,978995382784704512,《妇炎洁》
1,76.479,5,25,15138834,1643623450,0,a81b4b57,977543366490718208,买小号可以有效防止开盒做到挡刀
1,477.193,1,25,16777215,1643597819,0,2f7f71da,977328361795469312,《灰色轨迹》尾奏好评
1,507.296,1,25,16777215,1643286632,0,3c55f82a,974717930673651712,灰色轨迹最后的solo
1,296.081,4,25,16740868,1643264237,0,ca24df76,974530074417152000,敢爆出他的真名，这个人多半被抓了
1,98.719,5,25,15138834,1654649827,0,851a066,1070039322712954112,《线下单杀》
1,185.284,1,25,16777215,1644803928,0,b5f54551,987445932957327360,《滑稽哥》
1,13.879,1,25,16777215,1644068068,0,719d4853,981273096786837504,遇到过 但是我玩过火了 骗子恼羞成怒把我删了 一点都玩不起
1,435.476,5,25,15138834,1643958117,0,c2d69fa7,980350763155890176,我怀疑我一朋友被盗号了
1,266.881,5,25,15138834,1643889399,0,a26c20a0,979774308698030080,哈哈哈哈哈哈哈这名字
1,272.3,1,25,16777215,1643884400,0,c07566f3,979732375112761344,这名字，也是绝了
1,446.849,5,25,15138834,1643824268,0,250f8a0,979227951660761088,吓得我赶紧看了一眼我的v10号
1,45.854,1,25,16777215,1643642718,0,74df2235,977704996797218816,nb我田浩。警察管你叫老兄
1,120.459,1,25,16777215,1643586756,0,f7785da8,977235556490797056,卧槽，我家就在这里
1,66.299,1,25,16777215,1643564140,0,be8718e6,977045843425632256,奇怪的歇后语
1,186.147,1,25,16777215,1643536995,0,40aa78d7,976818133253349376,惨了，我也是三个太阳
1,513.469,1,25,16777215,1643257551,0,4fa0f9ce,974473989703573504,我买号是为了玩游戏。。。。
1,414.679,1,25,16777215,1643255360,0,29c40e81,974455603788447744,我爹有一个七位数的QQ号 也是密码忘了
1,44.58,5,25,16646914,1643244225,0,a8f247c9,974362202479403008,老兄，看来不是第一次了，现在我有理由怀疑他是特工 了
1,268.711,5,25,15138834,1659060041,0,b212d6a6,1107034883550767360,«妇炎洁»
1,247.433,5,25,16646914,1645616359,0,da2188c6,994261097747750912,BGM:《Tuesday》
1,326.634,5,25,16707842,1644906269,0,83098478,988304433291673600,但他万万没想到，他遇到了公孙田浩，于是他进了监牢
1,301.299,1,25,16777215,1644812878,0,b040b4c4,987521015781941248,应该是虚构过的名字，up开头提过
1,119.664,5,25,15138834,1644250960,0,c7b23c16,982807301128388608,马上就到他家门口（
1,435.948,1,25,16777215,1643962636,0,57f3fc6a,980388667014963200,我也被盗过，幸好及时改了密码
1,120.329,1,25,16777215,1643960219,0,d949d017,980368393519824896,魔教教主任我行再就业（
1,19.046,1,25,16777215,1643937258,0,185eff00,980175782198738944,遇到过，然后把对面骗了。
1,335.293,1,25,16777215,1643809514,0,75d3b2be,979104190928879616,无痕模式指不将信息保存在本地，网上还是有的
1,57.364,1,25,16777215,1643592477,0,9611502f,977283546285096960,人家都说了一切信息都是虚拟的，不是长沙
1,266.634,5,25,15138834,1643543065,0,53038531,976869051304148992,《洗洗更健康》
1,448.152,1,25,16777215,1643427473,0,58639565,975899392662208512,我有一个号被盗了，刚被盗就发现，然后就把它注销了
1,74.64,1,25,16777215,1643338657,0,35236cea,975154355433234432,打游戏的……
1,26.012,1,25,16777215,1643288707,0,1c21df49,974735341433085952,遇到过，没被骗，他的钱却被我骗走了
1,143.045,1,25,16777215,1643280065,0,f2cee877,974662846166089728,《到底谁在窥探别人隐私？》
1,262.033,1,25,16777215,1643270813,0,decd1baf,974585231355822080,叔付佳
1,1.591,5,25,38979,1643270697,0,44246edb,974584259469787136,田  所  浩  二
1,187.869,1,25,16777215,1656399699,0,69a0c0fe,1084718316209077248,好家伙 我QQ头像也是这个 也是三个太阳 
1,249.039,5,25,16707842,1646392381,0,421972c9,1000770847570789376,理论存在，实践开始（
1,242.787,5,25,16707842,1645517348,0,25366614,993430540099600384,就我一个念成who is的吗
1,33.654,1,25,16777215,1643966450,0,7a6a0164,980420660436254720,之前搞选秀后援会也会买号来刷票的
1,439.483,5,25,16707842,1643943354,0,11ddc874,980226919506960384,我号就被盗过，在空间发过广告！
1,118.619,1,25,16777215,1643875246,0,ba99e8e1,979655589028847616,柯南里的操作原来真的有用啊
1,423.703,5,25,16777215,1643814531,0,3e954d36,979146275391193088,之前我的号差点被盗了，但是我钱包压根就没有注册，然后黑客看我啥都没有，就立马就退了
1,488.585,1,25,16777215,1643631340,0,e933d554,977609550879825920,我就有170的卡
1,136.773,1,25,16777215,1643610567,0,f05ef603,977435300431740928,吃瓜吃到家门口……
1,256.925,1,25,16777215,1643599644,0,5afc6249,977343670595223552,诈骗从入门到大师
1,524.051,1,25,16777215,1643563380,0,6c73c920,977039466206404608,你注意安全 大侠
1,311.329,1,25,16707842,1643373604,0,f2bc0ecc,975447509894864896,up都说了虚构名字。。。。。
1,455.153,1,25,16777215,1643349392,0,98943294,975244402509611008,马化腾你知不知道QQ被人玩成这样
1,32.181,1,25,16777215,1643344500,0,4ada0cd4,975203365981683712,只要我没钱，就骗不了我
1,66.271,1,25,16777215,1643292573,0,f7a7b0d9,974767775057338368,通辽势力渗入了（doge）
1,137.179,1,25,16777215,1643286014,0,7c7d0565,974712746695753728,然后吃起了烧烤
1,345.575,1,25,16777215,1643283674,0,ded1464c,974693122303614976,大哥，保护好自己啊！
1,264.133,1,25,16777215,1643273014,0,9fe5c01b,974603700096212992,视频成本极高
1,170.198,1,25,16777215,1643271251,0,b82cbb37,974588913204527104,新冠草
1,260.986,5,25,16707842,1643267245,0,58988bd,974555303948861440,妇炎洁？（确信
1,71.28,5,25,16777215,1643255520,0,dd770942,974456946443223040,渗透仔也需要
1,287.079,5,25,16707842,1643252673,0,e0d6532c,974433067650285568,妇炎洁
1,54.459,1,25,16777215,1643250875,0,6e514c86,974417987215540224,牛逼区up主
1,71.479,1,25,16777215,1643245522,0,11fc69cd,974373079238180864,希望不要到处刷可汗了，我也是耗子粉，但是我最早是在相声里听到的歇后语
1,356.83,1,25,16777215,1643245148,0,68a18e94,974369939213205504,那时候我疯狂注册的原因是想要一个好的号码 或者玩qq宠物
1,0.979,5,25,15138834,1673360209,0,e7d5e9b0,1226993384594676224,他们带上了盖伊福克斯的面具。但他们如同红客班。用在黑暗中的摸索来守护光明。
1,384.785,1,25,16777215,1659952758,0,e58bf0b9,1114523533440037888,低级
1,131.866,1,25,16777215,1644692052,0,e3a264d8,986507451783069696,特工啊你
1,218.519,1,25,16777215,1644659896,0,5600fee2,986237709518970880,坏了，我浏览记录瞒不住了
1,0.23,1,25,16777215,1644639653,0,98448206,986067893581479936,你好，浩二
1,383.319,1,25,16777215,1644546527,0,eecdede2,985286703271477248,密码字典！专业对口了
1,214.033,1,25,16777215,1644507949,0,e2768706,984963081231859712,猜到了，快照超神
1,116.739,5,25,16707842,1644493457,0,38243d4b,984841514684743680,应该是半径
1,338.267,1,25,16777215,1644490437,0,ceaa1eb2,984816180625858560,《我不是大佬》
1,235.539,1,25,16777215,1644474999,0,524c3ee,984686677853224960,牛逼，突然感觉网络好可怕
1,193.848,1,25,16777215,1644281339,0,7b7495b7,983062142879744000,这不是我被盗的号吗？
1,72.373,1,25,16777215,1644242133,0,36f35479,982733256470781952,开挂（doge）
1,336.906,1,25,16777215,1644118072,0,63f1ebd,981692560700473344,尊称一声杰哥
1,198.623,1,25,16777215,1644086867,0,5d0d9d68,981430793531080704,我看了看三个月亮的账号，到现在搞不懂干什么的
1,356.58,1,25,15138834,1643986511,0,2ec1e56a,980588941322166272,那时候我注册30多个，只为选靓号
1,424.272,1,25,16777215,1643907552,0,ec4cb5ea,979926591716532224,寄了，我以前一个很老的号也是弱密码，也被盗了，好无语。。。（泪
1,92.899,1,25,16777215,1643824520,0,106c0a4,979230069544820736,吃瓜吃到自己家
1,269.152,1,25,16777215,1643775250,0,32779189,978816756238409728,妇炎洁？
1,282.305,1,25,16776960,1643716851,0,f5522ece,978326869321342976,哈哈哈 这个名字有点 绷不住了
1,261.645,1,25,16776960,1643640663,0,7b23a851,977687761740251136,名侦探田浩
1,53.602,5,25,15138834,1643616330,0,74429080,977483643594850304,《坡子街派出所欢迎您》
1,288.184,1,25,16777215,1643565623,0,f2bc31ca,977058283279564800,前面都说了时间，地点，名字全虚构，谁会真叫付炎杰啊，是我我肯定改名字啊
1,74.371,1,18,15138834,1643423757,0,450c24e1,975868224211320832,玩游戏的，玩的一个服务器可以看广告的充值币，但每天有限制
1,535.073,1,25,16777215,1643371180,0,18ba6cac,975427170644115456,新的一年新的开始改变
1,35.599,1,25,16777215,1643368483,0,34fa6be8,975404552350269440,前面的，他们会骗你贷款
1,398.039,1,25,15138834,1643332038,0,1d3c1f92,975098823761829888,一个太阳算什么，我两年一颗星星，QQ还给我发通知庆祝呢
1,453.949,1,25,16777215,1643301671,0,85be07a3,974844089539936256,我只是想要个酷拉/doge
1,129.597,1,25,16777215,1643261270,0,e9974405,974505183232032768,想起了莱斯特
1,294.605,1,25,16777215,1643255530,0,a52c67aa,974457032831197184,开头就说了，名字是虚拟的
1,498.235,1,25,16777215,1643254961,0,1aea51ca,974452256736182272,BGM灰色轨迹
1,331.522,1,25,16777215,1643254050,0,5060911,974444618792648704,《不知道有没有兴趣》
1,327.483,1,25,16777215,1643250691,0,6975833d,974416440380162048,真讽刺，盗号的居然自己的号被查出来了…
1,294.014,5,25,16777215,1643244717,0,30889eb1,974366323446702080,这是化名啊
1,493.941,1,25,16777215,1643241851,0,5b8c4324,974342287093407744,这个是麦加圣地啦
1,64.061,1,25,16777215,1647620614,0,b3f3843,1011074009745607680,恭喜浩哥加入通辽宇宙（doge）
1,163.415,1,25,16777215,1645397224,0,edbfd783,992422859765055488,太危险了，你是怎么想到干这一行的呢
1,119.327,5,25,16646914,1645015089,0,ee011a42,989217282638569472,确定了，在湘江底
1,293.802,1,25,16777215,1644924474,0,ac1bfbb5,988457151541862400,摆脱，一开头就讲了付岩杰是up主虚构的名字
1,398.539,1,25,16777215,1644730826,0,e4d3b714,986832712543723520,我发现密码怎么输都是错的，我就放弃了……损失好多小号QAQ
1,273.298,1,25,16777215,1644727731,0,9f122012,986806748879880192,《 洗 洗 更 健 康 》
1,167.379,1,25,16777215,1644512339,0,a76e1f91,984999913956777984,这还有售后服务呐
1,335.989,1,25,16707842,1644495139,0,41a36107,984855623228620800,无痕模式就是自欺欺人啊，事实上并不存在无痕这种东西，所以以后还是多看些健康的东西为好
1,76.041,1,25,16777215,1644334921,0,e32a87d6,983511619853312000,雀食，只有玩游戏开挂的才会搞小号
1,1.279,1,25,16777215,1644301875,0,43c204ac,983234406168969216,你好田所浩二
1,129.042,1,25,16777215,1644249715,0,9769152e,982796860331057152,好家伙，UP主猛啊
1,526.275,1,25,16777215,1644141503,0,48f0a23f,981889110495084544,我也买了个号打游戏（惊）
1,281.894,5,25,16777215,1644115704,0,1b2a8e3b,981672695433969664,《天眼查》
1,327.399,5,25,15138834,1643950875,0,896a795a,980290012012937216,凡路过必有声音，凡走过必留下痕迹
1,442.018,1,25,16777215,1643948329,0,58855f7e,980268649701343232,灰色轨迹！！把我炸出来了 
1,483.438,1,25,16777215,1643892409,0,fd613705,979799562406969344,我的电话号码就是170开头的电话号码
1,299.661,5,25,9033215,1643808012,0,f9eca9f7,979091585474428928,何同学：？？？
1,32.699,5,25,16707842,1643807923,0,24bf6db0,979090842318290944,直接加进群里一顿截图
1,435.955,1,25,16777215,1643791383,0,2fe570dc,978952095833063424,恶心死了 以前被盗过 空间全是色情 还把号冻结了 让别人怎么看我
1,459.28,1,25,16777215,1643790407,0,3dc97a43,978943901898514432,我QQ，11位混合密码从来没让我失望过
1,194.343,1,25,16777215,1643771932,0,e608b0b1,978788922058670080,所谓情报，即是信息整理与重复读取
1,259.968,5,25,16646914,1643701779,0,ff4a56bb,978200437224472576,《纯小白》
1,383.297,1,25,10546688,1643690027,0,16254976,978101858605432832,吓得我赶紧改了密码
1,66.301,1,25,16777215,1643597382,0,6dbc8cbe,977324698177314816,通辽宇宙
1,91.801,5,25,15138834,1643585789,0,2616964a,977227447453188096,看了一眼我也惊到了，我也在岳麓区
1,332.183,1,25,16777215,1643525539,0,34d4963a,976722034896846848,不是无痕模式，无痕模式就骗骗自己，骗骗老婆，我在路由后台抓你的记录你都没办法
1,214.46,1,25,16777215,1643478164,0,4680a3b2,976324617532612608,小慧君知道吗
1,40.439,1,25,16777215,1643466540,0,a4e54caa,976227115093368832,不，你没钱，他会让你信用贷花呗、借呗、白条、信用卡……
1,331.94,1,25,16777215,1643384722,0,7bdcf227,975540775575191552,老兄有何指教[doge]
1,190.516,1,25,16777215,1643370642,0,18ba6cac,975422662487154688,好家伙这么久的号？
1,51.439,1,25,16777215,1643339546,0,ff9bd4d5,975161811233300480,腾讯不就是诈骗团伙吗
1,46.363,1,25,16777215,1643292440,0,c7177964,974766657895309312,腾讯成诈骗团伙了
1,268.657,1,25,16777215,1643267181,0,e83c59d1,974554764451389440,哈哈卧槽，意外惊喜
1,12.405,1,25,16777215,1643247993,0,d982cbb4,974393810964021248,柴桑的8万，心疼
1,117.918,1,25,16777215,1659559240,0,5b01014b,1111222466807804928,你不去学侦查可惜了！！！
1,263.766,5,25,15138834,1654756511,0,fbbe16cb,1070934257624598784,《妇  炎  洁》
1,422.987,1,25,16777215,1650342554,0,12d1bf75,1033907299913074176,你充Q币吗？
1,206.588,5,25,16646914,1645717114,0,e8fc0f2,995106298197254144,肯定有保护，算是警察的好搭档了
1,284.61,1,25,16777215,1645497324,0,765b512b,993262560343425024,笑la了哈哈哈哈嘻嘻更健康
1,319.79,1,25,16777215,1645202947,0,5719bffe,990793146872111104,不行这个名字我不行了哈哈哈
1,255.404,1,25,16777215,1645179896,0,afe99e08,990599787706277888,《初步信息》
1,39.539,4,25,13369971,1645171459,0,1cee7295,990529010811584512,《我不是黑客》
1,91.984,1,25,16777215,1644989983,0,1348eefa,989006681672450048,《一些技术手段》
1,392.286,1,25,16777215,1644893167,0,55828056,988194530749456384,我的号，居然就是这样被盗的！
1,261.759,5,25,16646914,1644750948,0,ce6c86f9,987001503899443200,《妇炎洁》
1,273.313,1,25,16777215,1644745493,0,6b9ff8a9,986955743904186368,妇炎洁？
1,305.49,1,25,16777215,1644671469,0,f68a1340,986334793196331008,敷衍姐
1,175.335,1,25,16777215,1644509942,0,d3186fbc,984979804310716416,卧槽，我生日
1,167.556,1,25,16777215,1644502587,0,8064c5a0,984918105323577344,还有售后 服务真周到
1,328.65,5,25,15138834,1644475921,0,686b6b1e,984694415920218112,无痕浏览只是在自己的电脑或手机上看不到，但是互联网上还是会有
1,77.818,1,25,16777215,1644458094,0,401c7c3,984544872716853248,也不一定，像我之前刷关注也买小号
1,349.464,1,25,16777215,1644457199,0,403a8e11,984537361820139520,《猪肘味虐》
1,280.177,1,25,16777215,1644398552,0,170262b4,984045393944281088,妇炎洁
1,228.379,1,25,16777215,1644205426,0,14c3dc8d,982425333384462336,雁过留声，人去留痕
1,54.417,5,25,16646914,1644166387,0,d38c1b93,982097852885803008,那个摩尔庄园头像！！
1,230.793,1,25,41194,1644157099,0,e5112891,982019939518169088,注意安全
1,358.315,1,25,16777215,1644156342,0,98e9ebcd,982013590780149760,我之前的qq没了！没了！！！
1,490.321,1,25,16777215,1644028174,0,6b94e031,980938438442188800,我买个谷歌号，只不过是用来打游戏。
1,339.087,1,25,16777215,1643990261,0,880e0a7c,980620404612734976,洋葱申请出战
1,364.833,1,25,15138834,1643983445,0,577bf282,980563224403820544,我QQ小号就没了 
1,73.779,1,25,16777215,1643969638,0,8ed87e7e,980447405141598208,开挂的也需要小号
1,507.45,1,25,16777215,1643948325,0,7fc06c25,980268621121118208,黑市在哪里
1,280.701,5,25,16707842,1643910078,0,b8c12ed0,979947782698074112,地址姓名时间均为虚构
1,213.023,1,25,16777215,1643894508,0,d0865ffa,979817165703462912,注意安全啊大大
1,308.511,1,25,16777215,1643858997,0,beca3bc1,979519277637410816,妇炎洁
1,262.478,5,25,16646914,1643811269,0,16d92ecc,979118907732590592,骗子：谁给我付了一分钱？
1,169.095,1,25,16777215,1643811251,0,eac04842,979118755552526336,这东西当然有售后，小飞机上有很多你想都想不到的玩意儿
1,341.1,5,25,15138834,1643808299,0,24bf6db0,979093991667728384,这叫白客
1,409.759,1,25,16777215,1643803273,0,26a92ab6,979051830566453248,我说我的号每次改回原来密码就会被盗。。
1,358.202,1,25,16777215,1643800438,0,e2a20951,979028054495649792,我就是06年注册的
1,267.856,5,25,16646914,1643774015,0,9746a70a,978806402340323328,妇炎洁
1,295.499,5,25,16777215,1643714156,0,9a5e7d2b,978304268294373376,《妇 炎 洁》
1,211.757,5,25,15138834,1643705698,0,8115d177,978233315353485312,大数据.
1,287.313,1,25,16777215,1643677234,0,2883d785,977994538623139840,Woc我生日
1,195.174,1,25,15138834,1643623783,0,a81b4b57,977546164350763008,QQ也是对线开盒软件
1,412.626,1,25,16777215,1643620009,0,e03da734,977514499518144512,这不是steam的页面吗
1,473.577,1,25,16777215,1643616372,0,e8c2f07d,977483992940175360,我还以为电话来了，下意识看了下手机
1,307.196,1,25,16777215,1643595177,0,821d1c6a,977306199385088000,bgm爱了
1,487.051,1,25,16777215,1643592490,0,8dfac05e,977283655307255808,DNA动了
1,443.064,1,25,16777215,1643589125,0,e9b49d46,977255431498473472,原来我的账号是这么被盗的
1,68.775,1,25,16777215,1643583171,0,eaa44bc0,977205486767980544,好家伙154.6w黑产关注你
1,326.691,1,25,16777215,1643466986,0,c821d987,976230849510162432,大佬666
1,467.438,1,25,16777215,1643420265,0,10acabe3,975838926651138048,灰色轨迹！！！
1,243.294,1,25,16777215,1643401398,0,9007690d,975680661273567232,辅临丁丙，位列朝班；巨入艮坤，田连阡陌
1,52.037,1,25,15138834,1643374182,0,7ac195f5,975452361403891712,解放西欢迎大家
1,522.322,1,25,16777215,1643371148,0,18ba6cac,975426905224052736,我用号是为了！让这个号的灵魂画师
1,262.848,1,25,16777215,1643371101,0,8e0bf3f0,975426514549972992,我試了，現在會打碼
1,412.172,1,25,16777215,1643370916,0,18ba6cac,975424958099005440,初期是好奇后期就是……
1,39.819,1,25,16777215,1643369698,0,73a74e4a,975414739492364288,我没有钱，被骗色了。可怜
1,77.019,1,25,15138834,1643368562,0,34fa6be8,975405211812323328,我买小号带游戏小号，不过分吧
1,337.579,1,25,16777215,1643358287,0,cbd605d,975319017434791936,没准他正在看你
1,1.938,1,25,16777215,1643344155,0,77fefad0,975200475141996544,田所浩二，简称田浩
1,61.072,1,25,16777215,1643340934,0,b78d7ab6,975173456866172928,钉钉
1,121.004,1,25,16777215,1643340458,0,18ee1f68,975169460636098560,额 up主诈骗，深入黑市调查
1,25.499,1,25,16777215,1643337169,0,65338481,975141866995417088,低于我等级的都不加
1,92.539,1,25,16777215,1643331590,0,22185802,975095068715393024,长沙风评被害
1,355.739,1,25,16777215,1643309719,0,731369ec,974911602704384000,我爹以前就有个皇冠号 年轻加了600多个不同地方的美女，然后号让盗了，追回来那些美女全让删了
1,412.408,1,25,16777215,1643306519,0,94330de1,974884760441044992,一眼steam
1,457.139,1,25,16777215,1643293367,0,22c91e2,974774435488866304,我试过，一个手机号最多注册十个
1,476.359,1,25,16777215,1643287357,0,e886318c,974724015736627200,虚拟运营商就应该全部关停，网络诈骗背后就有运营商的助纣为虐
1,494.951,1,25,16777215,1643279284,0,e9a3294e,974656297759694848,现在身份证号可以查有多少手机号了
1,114.75,1,25,16777215,1643277620,0,85c449ab,974642333943775232,啊这  家在圈里面..
1,371.754,1,25,16777215,1643258908,0,7b402c63,974485372940632064,这不就是密码喷洒吗。
1,342.392,1,25,16777215,1643253673,0,ed6e83fc,974441452339920896,好家伙，你不当警察真是暴轸天物
1,261.364,1,25,16777215,1643244361,0,ea9f33dd,974363343051907072,（ 妇炎洁）
1,327.416,1,25,16777215,1643243028,0,bf8bcef7,974352154476175360,全是细节
1,51.82,1,25,16777215,1643240305,0,cb19366c,974329315442008064,惊，田浩竟在我身边
1,12.239,1,25,16777215,1643191419,3,6ec4ea19,973919226849550336,没见过
1,259.611,1,25,16777215,1699163440,0,aba28ff8,1443446573622303744,索命1分钱
1,257.56,1,25,16777215,1679627283,0,956e11c1,1279565409699324416,妇炎洁？
1,501.324,1,25,16777215,1676849230,0,df0625bb,1256261411794173952,因为170虚拟号段，以至于177这些正儿八经实名号没人用了
1,442.889,5,25,15138834,1676709849,0,341e7d4b,1255092196219107328,我被盗号过，骗子拿我号一个晚上骗了四个同学的钱
1,127.969,5,25,16777215,1674906682,0,de3ac5a3,1239966141758383360,大家最好不要在b站上发详细个人位置，不安全
1,166.667,1,25,16777215,1674035714,0,80879d64,1232659930713029632,还有售后
1,336.247,1,25,16777215,1673946231,0,5f06978d,1231909293558041088,为祖国反诈骗事业贡献一分钱
1,15.613,1,25,16707842,1673614102,0,564b34b1,1229123189033114624,没QQ（理直气壮
1,93.359,5,25,16646914,1672248521,0,6901027e,1217667871312850944,查到我家
1,166.325,1,25,16777215,1668935365,0,1d1c526d,1189875103228617984,说了均为虚构
1,261.911,5,25,16776960,1668504004,0,e13b5905,1186256581042663680,转账0.01 （1/1）
1,262.994,5,25,15138834,1666668921,0,c18daea3,1170862788353415680,洗洗更健康
1,295.231,1,25,16777215,1660139413,0,37ba431b,1116089304746114048,开头都说了 是化名
1,296.074,1,25,16777215,1658920699,0,4881b18e,1105865996859858688,妇 炎 洁
1,258.232,1,25,16777215,1657852766,0,ac17fb99,1096907520167077376,诈骗从入门到入狱
1,148.019,1,25,16777215,1657427182,0,2dba1bb6,1093337464338321152,谁是警察
1,315.737,1,25,16777215,1651239872,0,1fbf5bd8,1041434548757450240,《做大做强》
1,48.211,5,25,9033215,1649491075,0,ad8b8309,1026764571463063552,up主很有能量
1,37.252,1,25,16777215,1648902573,0,6c2a7614,1021827866284887552,我没有QQ哈哈哈
1,98.065,1,25,14811775,1648741769,0,320152f1,1020478944111454720,我在湖南益阳
1,75.46,1,25,16777215,1646912040,0,4f9a7e86,1005130057770998784,我……我买小号给自己点赞……
1,210.283,5,25,16646914,1646910427,0,a3c422ee,1005116526291865600,BGM:Tuseday（星期二）
1,138.849,1,25,16777215,1646661436,0,569c1202,1003027841492736000,注意安全哈
1,225.056,1,25,16777215,1646223129,0,cda1ef3d,999351059610715136,小白成长记
1,275.988,1,25,16777215,1646211833,0,41a38cef,999256297491069952,卧槽，真有这名字的？？
1,19.579,1,25,9599289,1645953949,0,2e2d223,997093012578713600,我QQ都没有5块钱(doge)
1,333.219,1,25,16777215,1645792330,0,e3c1453b,995737249303257088,。确实不是黑客，应该是白客。
1,217.511,1,25,16777215,1645685979,0,a2e06fe,994845119940550656,只要你上网就会留下痕迹
1,384.059,1,25,16777215,1645610460,0,77a57ec8,994211616207650816,我靠，我慌了，原来账号是这样被盗的
1,313.297,1,25,16777215,1645605009,0,94a89b6f,994165891422871552,《坐大坐强》（指牢房）
1,55.95,1,25,16777215,1645573450,0,1d886c04,993901150631018496,纸飞机
1,385.401,1,25,16777215,1645372613,0,6fcea077,992216414676787200,简称测卡器
1,27.739,1,25,16777215,1645347400,0,24b0a881,992004908598550528,我的QQ被盗过，加了乱七八糟的人
1,263.419,1,25,16777215,1645160835,0,f1d07b16,990439888706461696,这名字是真的吗哈哈哈哈
1,324.979,1,25,16707842,1645156267,0,a4a76d3c,990401568677937152,果然是小白i
1,239.059,1,25,15138834,1645156137,0,a4a76d3c,990400481717927936,纯小白
1,183.005,1,25,16777215,1645152342,0,9fad653f,990368643960307712,这只鸡是什么意思？速珊
1,433.069,1,25,16777215,1645147705,0,e419178b,990329742480859136,我当年30级的dnf被连盗了三四次，白装都要简直不讲武德
1,278.811,1,25,16777215,1645009858,0,93147c7a,989173402955194368,转账一分钱过去，对方会不会察觉，作者会暴露位置与身份吗
1,100.006,1,25,16777215,1644998189,0,356486a3,989075515193827328,oh我耒阳
1,361.339,5,25,15138834,1644997000,0,38635808,989065538172272640,我注册了八个QQ号现在只用三个
1,216.017,1,25,16777215,1644995757,0,972ce7b2,989055118065852416,信息早被卖了，没想到这件坏事用在了这上面
1,517.445,1,25,16777215,1644975984,0,d157b80c,988889249929830400,灰色轨迹尾奏
1,335.491,5,25,15138834,1644942215,0,3b37f820,988605973286543360,反客为主
1,263.568,1,25,16777215,1644934051,0,60d1ce4d,988537489496891392,？？？妇炎洁？
1,270.045,5,25,15138834,1644912055,0,4d2e594a,988352969638608896,妇……妇炎洁？
1,336.796,1,25,16777215,1644843298,0,b533d37c,987776195193954304,无痕模式自己的浏览端不留下网页记录可不一定代表他的网络上本身没留下记录
1,492.399,1,25,16777215,1644838907,0,37324aba,987739360070443008,DNA动了
1,95.201,5,25,15138834,1644814502,0,d77a03c,987534637787209728,线下单杀（确信）
1,532.308,1,25,16777215,1644807473,0,8b7448b3,987475671969513472,没有买卖就没有伤害
1,262.187,5,25,16776960,1644762684,0,537242fa,987099953830748160,洗洗更健康？？？
1,299.22,1,25,16777215,1644742985,0,aa601e2d,986934709896019968,妇炎洁？（doge）
1,247.079,1,25,16777215,1644732153,0,6b0fe0,986843841070030848,白手起家
1,388.739,1,25,16777215,1644730738,0,e4d3b714,986831974740443136,我设置的全是强密码哈哈
1,332.407,1,25,16777215,1644661212,0,1abf5948,986248745418686464,助肘子为虐
1,362.179,1,25,16777215,1644659616,0,f8f66048,986235356603490304,！我之前QQ也被盗了 我另一个朋友也是当时是0910年了 
1,210.441,1,25,16777215,1644638165,0,212ad0d9,986055417801277440,但是互联网的用户没有记忆
1,403.399,1,25,16777215,1644634919,0,7ec83f3e,986028185437609984,我的QQ十三年了两个太阳
1,302.945,1,25,16777215,1644627531,0,f8c92de9,985966206869258240,付岩杰：如果人生分四季，那么妇炎洁广告出现之前，我的人生都是春季
1,105.496,1,25,16777215,1644589046,0,53a5f562,985643375934177280,我以前也买小号，玩游戏
1,193.219,5,25,15138834,1644580464,0,d3a6080b,985571381010432000,为什么我是三个星星？
1,59.374,5,25,41194,1644569086,0,c7caf2c8,985475936475308032,鹰角网络
1,352.699,1,25,16777215,1644568285,0,2cd8775a,985469218476900352,我是经常忘记密码，所以不得不不停地申请账号
1,120.972,1,25,16777215,1644566645,0,c70824fa,985455463624122368,二分法
1,290.459,1,25,16777215,1644559207,0,8db19672,985393069361864704,天眼查？WC!
1,62.241,1,25,16707842,1644484074,0,8772781b,984762808007884800,这平台我熟悉
1,55.561,1,25,15138834,1644484057,0,8772781b,984762667009417216,看见这我懂了我知道什么平台了
1,414.283,1,25,16777215,1644479987,0,b38dc7c9,984728520015724544,我说我的QQ账号上一次登录之后就删了，然后我的号就被封了，原来是这样。
1,120.139,1,25,16777215,1644474860,0,524c3ee,984685514657759232,好家伙，犯罪学科就差你去整教材了
1,286.251,1,25,16777215,1644466008,0,c4d2cff3,984611258652286976,好家伙，这天正好是我生日
1,511.379,1,25,16777215,1644459903,0,364078dc,984560045047390208,保护好自己
1,487.965,1,25,16777215,1644425109,0,76d49691,984268173497769984,灰色轨迹？
1,462.418,1,25,16777215,1644417400,0,1028c431,984203501726269440,我创了四个小号就被封控了，我大号直接没了
1,518.832,1,25,16777215,1644416346,0,c518667e,984194664433475584,灰色轨迹双厨狂喜
1,105.902,1,25,16777215,1644405881,0,d3fc44d0,984106873655123968,我靠，好近！
1,354.95,1,25,15138834,1644376990,0,b906e6ae,983864520799993856,好家伙，看着太燃了
1,353.694,4,25,16707842,1644311891,0,50fd5784,983318433916477440,我一个人四个号
1,273.161,5,25,15138834,1644286054,0,ec9e9d70,983101694264688640,妇炎洁哈哈哈哈
1,509.261,1,25,16777215,1644285696,0,ddc27fac,983098693819211776,beyond黑色轨迹
1,186.13,1,25,16777215,1644281358,0,7b7495b7,983062302167449600,这不是我号吗？
1,513.77,1,25,16777215,1644255929,0,4dfa2ad7,982848987315322880,灰色轨迹
1,346.507,1,25,16777215,1644255756,0,4dfa2ad7,982847539669925888,尊称一声杰哥
1,222.378,5,25,15138834,1644251076,0,c7b23c16,982808276891017216,牛逼
1,162.459,1,25,16777215,1644242979,0,e4b8bf65,982740352478887936,牛逼
1,349.034,1,25,16777215,1644242475,0,36f35479,982736125206749184,我见过一个00年注册qq号
1,261.478,1,25,16777215,1644240780,0,c891de53,982721907824353280,妇炎洁可还行hhh
1,494.339,1,25,16777215,1644234556,0,78453646,982669699958054912,前面那位兄弟，真刑啊
1,72.399,1,25,16777215,1644233548,0,8a51fb46,982661242581213184,凯文杜兰特点赞
1,0.0,4,25,15138834,1644226584,0,bc01d77c,982602821022867456,这个小伙正在深入调查黑市
1,92.379,1,25,16777215,1644207625,0,6e9ff0c9,982443788117901312,很巧的是，我在湖南
1,99.267,4,25,16777215,1644204446,0,10334095,982417118633500672,msf警告
1,267.054,1,25,38979,1644201169,0,8f9bc868,982389627584987136,妇炎洁被黑的最惨的一次
1,98.699,1,25,16777215,1644197546,0,220d353,982359235787431936,人物 时间 地点均属虚构
1,315.545,1,25,16777215,1644182113,0,e7b07317,982229771293106176,前面up说了名字地址虚拟的
1,132.508,5,25,15138834,1644166265,0,3ee8ac3f,982096832535224320,自己注册的会被查到自己的信息，买的不一定能查
1,38.979,1,25,16777215,1644157907,0,a0d23119,982026723246637056,被盗的我也被盗过一个号不怎么用，某天看到发了一些奇奇怪怪的，让后申诉找回
1,529.499,1,25,16777215,1644157704,0,bf01d8dd,982025019940323328,注意安全
1,410.312,1,25,41194,1644157278,0,e5112891,982021445358428160,注意安全
1,138.748,1,25,16777215,1644152571,0,b8e5d473,981981958331629568,三点定位法？
1,269.909,1,25,15138834,1644145847,0,fcddb906,981925554504441856,《  妇  炎  洁  》
1,288.53,1,25,16777215,1644136726,0,fa05ee8f,981849040582983680,用了化名
1,501.779,1,25,16777215,1644132814,0,2d348cf1,981816222984904704,我靠，第一张卡170的
1,260.449,1,25,16777215,1644132716,0,fb0ee86d,981815398079373312,妇炎洁
1,42.879,5,25,16707842,1644125954,0,ecf44f36,981758674232090624,反诈联盟
1,457.228,1,25,14811775,1644079706,0,505c8c1a,981370719543042048,至尊宝早就没了 就那一段时间内开了
1,330.106,1,25,15138834,1644070875,0,625207e9,981296640978100224,谁说无痕模式没用的，我开无痕看h我爸妈不就不知道了？
1,331.334,5,25,15138834,1644062739,0,53a0c7d5,981228389957025792,正义执行了属于是
1,373.351,5,25,15138834,1644059365,0,6838dba2,981200090452967424,《绿色安全》
1,252.283,5,25,15138834,1644058643,0,6838dba2,981194028525805568,诈骗排名（
1,144.659,1,25,16777215,1644058529,0,7f160e95,981193078384844800,注意安全
1,282.378,1,25,16777215,1644058149,0,d7c8b2af,981189887180242944,户籍大手子
1,271.619,5,25,41194,1644051415,0,aae2c58b,981133397795192832,妇炎洁
1,215.859,1,25,16777215,1644039169,0,7cb4a0d3,981030675432333312,牛逼
1,289.22,1,25,16777215,1644036113,0,cbd23dec,981005037702537216,《妇炎洁》
1,95.359,1,25,16777215,1643984675,0,d74a659e,980573541351825408,好家伙离我好近的感觉
1,400.274,1,25,16777215,1643982392,0,595ab7db,980554396509642752,密码：114514
1,259.724,1,25,16777215,1643981014,0,37f4dc1c,980542829030563840,又来66
1,261.237,5,25,16765698,1643980054,0,417379c2,980534778943315968,妇炎洁（滑稽）
1,291.239,1,25,16777215,1643973540,0,ead33a10,980480133579128832,《妇 炎 洁》
1,424.179,1,25,16777215,1643966068,0,e1fe8909,980417458858057728,我之前时空猎人号就被钓鱼网站洗了。
1,71.576,1,25,16777215,1643963210,0,6e41b56f,980393484295864320,卖挂的也会
1,42.587,1,25,16777215,1643951567,0,b8763969,980295813524021248,我还反骗了10块钱
1,481.852,1,25,16777215,1643940832,0,5671a932,980205761411162112,170号段已经设置成黑名单关键词
1,239.399,1,25,16777215,1643940269,0,606941a1,980201036757450752,哈哈哈哈哈哈哈哈
1,62.829,4,25,15138834,1643908410,0,4814ed5a,979933783669784576,通辽臣子探头
1,76.619,1,25,16777215,1643899541,0,5d78ee11,979859387321655296,粉丝打榜？
1,271.387,1,25,16777215,1643891269,0,feaa81fc,979789993689489408,妇炎洁？？？？
1,13.379,1,25,16777215,1643891172,3,18697a03,979789185649344512,遇到过
1,100.979,1,25,16777215,1643890760,0,6eb093a8,979785724465709056,不要说自己在哪啊喂！
1,265.82,1,25,16777215,1643884010,0,67587e79,979729101709754368,妇炎洁…
1,262.977,1,25,16777215,1643882485,0,7d73b1a0,979716308020994048,妇炎洁？
1,437.629,1,25,16777215,1643880539,0,1fa48d5e,979699991886036992,我qq
1,369.94,1,25,16777215,1643878446,0,810295ee,979682431245737984,我们这 停网之后 我的QQ号被迫没了。哭泣
1,133.683,1,25,16777215,1643864185,0,1277fdc8,979562799213912064,前方高能预警
1,124.139,1,25,16777215,1643863176,0,354c2f8f,979554339538018304,这不就是拖网！！！
1,248.699,1,25,16777215,1643860815,0,e0e6ed0d,979534529810767872,开始吟唱
1,179.726,1,25,16777215,1643857746,0,3aaf221c,979508787686268928,6月10?我生日
1,142.902,1,25,16777215,1643855769,0,8b410e23,979492204794519552,up，已经说了，时间地点虚构的
1,260.099,1,25,16777215,1643852245,0,96661a08,979462642623594496,我在开元路WC
1,72.804,1,25,16777215,1643833402,0,60f7d14e,979304576625278976,这两天过年的时候QQ有那个啥红包，几毛钱，当时就想这个红包我几百个QQ号一起领岂不是美滋滋
1,495.841,1,25,16777215,1643828987,0,31d5d6c,979267538162933760,这段solo太赞了！
1,261.081,4,18,16707842,1643817415,0,bdf528ac,979170462898905088,hhhh妇炎洁
1,467.113,5,25,38979,1643815725,0,d5cb0099,979156292282744832,我的有一个号也沒了
1,430.179,1,25,16777215,1643815518,0,a5ac9c84,979154551101259776,dnf以前被人洗过几次
1,249.622,1,25,16777215,1643811341,0,eac04842,979119516276137984,这还能现学
1,295.959,5,25,15138834,1643811328,0,5e0aff6,979119401527877632,《妇洁炎》（确信）
1,333.299,1,25,16777215,1643809724,0,31d7616,979105949530185728,正常是所有人都能看见，无痕是只有你看不见
1,265.016,5,25,16707842,1643798108,0,f05c309f,979008509512630272,妇炎洁？？？
1,188.299,1,25,16777215,1643797741,0,dd5a74d2,979005424339369984,文老爷子怎么去诈骗了
1,121.372,1,25,16777215,1643796274,0,3c3403be,978993118558937088,都说了地名全是虚构
1,61.796,1,25,16777215,1643777908,0,ebe14a6c,978839057857945600,特乐gram
1,24.423,1,25,16707842,1643771464,0,b85da6b0,978784998504185856,之前被骗卖号，被骗走了一千五百多，最后我装警察又骗回来了
1,266.699,1,25,16777215,1643766881,0,bc75ab09,978746552432836608,只值一分钱的名字
1,97.998,1,25,16777215,1643763858,0,e3240a00,978721200585449472,你们认真看，时间地名人物都做了处理
1,438.035,5,25,16777215,1643746005,0,94422d17,978571437002776576,wc我见过，有个人加了我让我pc，我举报成功了
1,54.319,1,25,15138834,1643719973,0,ff45ae0b,978353064729288704,红鼻子瞩目
1,263.471,1,25,16777215,1643718981,0,fe190bad,978344738454978560,妇炎洁
1,261.927,1,25,16777215,1643713073,0,49526112,978295180979609600,？？？？
1,261.522,1,25,16777215,1643709204,0,85759bc8,978262722574753792,洗洗更健康
1,267.176,5,25,16707842,1643707515,0,7262f5c4,978248553209683968,妇炎洁
1,261.673,1,25,16777215,1643704777,0,f0164863,978225586092433408,妇炎洁？
1,58.459,1,25,16777215,1643701713,0,41a24ad8,978199883371126784,我是朋友被盗号  还问我要银行卡的
1,351.271,1,25,16777215,1643695952,0,e5068056,978151560071258112,原来大佬和我同城，新年快乐啊
1,16.619,1,25,16777215,1643693911,0,66a83570,978134437915443200,没钱 没额度的人 什么都不怕
1,426.293,1,25,16777215,1643688778,0,41d454ef,978091376657850368,看完这里才明白，或许我原来的密码不是忘了，而是被人改了。
1,60.691,5,25,15138834,1643679878,0,15064da3,978016717434912768,蓝色小飞机
1,34.976,1,25,15138834,1643678656,0,62826fa,978006466278350848,根源是腾讯不作为，要问责第一个就该整顿腾讯
1,406.922,1,25,16776960,1643640845,0,7b23a851,977689290820075520,啊这
1,305.859,1,25,16777215,1643639627,0,2762c59c,977679069846929408,付岩杰：我说名字是我先起的你信吗
1,102.979,1,25,16777215,1643635399,0,f92884ba,977643603380740096,我靠就在我家附近
1,251.027,1,25,16777215,1643617062,0,3fe99c6,977489780206862336,厉害
1,307.729,5,25,15138834,1643610592,0,40188c63,977435504475594752,妇炎洁：在？把监控拆了
1,262.173,1,25,16777215,1643606896,0,582c0aa,977404504889499648,笑死我了笑死我了笑死我了靠靠靠
1,151.091,1,25,16777215,1643604716,0,834e6674,977386216004083712,注意安全。反相暴露你自己位置了
1,270.024,1,25,16777215,1643602861,0,5e2e2f71,977370653100302336,妇炎洁
1,383.28,1,25,16777215,1643601424,0,5acd511,977358600280825856,这个我会（老师bushi
1,314.641,1,25,16777215,1643598759,0,db4ae48b,977336243121848320,老子起把ak，给你弄把来福，做大做强
1,289.739,1,25,16777215,1643598105,0,47a8c940,977330762366296064,妇炎洁
1,465.409,1,25,16777215,1643596216,0,6bbd5bf1,977314915831586816,全面实名制是最好的反诈手段
1,94.499,1,25,16777215,1643592086,0,9f6b59f6,977280267513651200,《巧了》
1,278.979,1,25,16777215,1643565571,0,e90ca49a,977057840586375168,我都紧张起来了，这名字给我整不会了
1,272.539,5,25,15138834,1643565514,0,b9cd269f,977057369908412416,差点以为是广告。。
1,227.701,1,25,16777215,1643563369,0,5a3533a9,977039376554303488,草我生日
1,249.179,1,25,16777215,1643560686,0,fcbef184,977016864548921344,社会工程学
1,103.004,1,25,16777215,1643556690,0,e3ffb27b,976983344025657344,up都说了时间地点作了虚构处理的，你们就别瞎想了
1,363.307,1,25,16777215,1643553350,0,a3744a64,976955331138371584,确实，我很久之前创了一个账号，找回密码之后 回来就发现被封号了 
1,290.119,1,25,16777215,1643551460,0,56cb6563,976939471275352064,妇炎洁哈哈哈哈哈
1,289.818,1,25,16777215,1643550999,0,2b42a701,976935608554045440,妇炎洁
1,8.334,1,25,16777215,1643550193,0,2062e57d,976928842577526784,小号鸟都不要鸟啊
1,358.549,1,25,16707842,1643547697,0,dc44df77,976907904066117632,星梦！？这不我奇迹暖暖的ID吗
1,18.193,1,25,15138834,1643514232,0,2767bb,976627178355990528,@楼上的老张
1,497.231,1,25,16777215,1643510626,0,43d203e3,976596935645749248,这些人为什么要出生，累不累
1,96.126,1,25,16777215,1643464066,0,c53a4615,976206354921758720,第二人格（不是
1,308.176,5,25,41194,1643450842,0,ec13be8f,976095429056495616,都说了是虚构的名字，不过真的很搞笑
1,264.131,1,25,16777215,1643436468,0,e9763c63,975974852891156480,妇炎洁？
1,122.73,1,25,16777215,1643417764,0,6f6d1d5f,975817946698555392,小了，半径
1,235.181,1,25,16777215,1643401248,0,9007690d,975679401182273536,辅临丁丙，位列朝班；巨入艮坤，田连阡陌
1,362.25,1,25,16707842,1643373676,0,f2bc0ecc,975448114232500224,我就丢了好些号。。。。
1,237.032,1,25,16777215,1643371292,0,23816141,975428116976418816,我看到过这个问题
1,444.698,1,25,16777215,1643370970,0,18ba6cac,975425410098282496,我的没发过好奇！
1,261.973,5,25,15138834,1643369333,0,4dcea9ae,975411678307590144,《妇炎洁》
1,189.499,1,25,16777215,1643361017,0,6c18e21,975341922931564544,学到了
1,108.519,1,25,16777215,1643357197,0,da7caf08,975309877624299520,c，我在金星路，西湖公园旁边
1,35.019,1,25,16777215,1643354843,0,440390e8,975290126912118784,低于两个皇冠的号都不加
1,196.019,1,25,16777215,1643343608,0,20eab1c6,975195884304883712,为什么没有皇冠号呢
1,512.599,5,25,16777215,1643340420,0,2ae8fd11,975169140365975552,UP牛逼
1,323.712,1,25,16777215,1643336478,0,12043f2,975136075246231552,再创辉煌
1,381.259,1,25,16777215,1643327137,0,ac8c70b7,975057712130916352,我以前有个常用的qq号被盗啦，照片都没得了
1,437.195,1,25,16777215,1643314555,0,13e6f3fa,974952170982137856,前不久刚刚被盗，发了垃圾广告，可恶
1,0.079,1,25,16777215,1643302939,0,4c84e02d,974854725425340416,失踪人口回归
1,94.22,1,25,16777215,1643299745,0,5505f082,974827930681982976,坏了，我也在
1,70.019,1,25,16777215,1643298542,0,a1ec74a2,974817844387700736,这玩意儿还有双十二 
1,355.202,1,25,16777215,1643297879,0,164b340c,974812282799169536,我还有几个qq号还记得密码但不登陆的
1,16.445,1,25,16777215,1643296060,0,8328bb09,974797023538241536,不用QQ hhh
1,415.975,1,25,16777215,1643295537,0,89150331,974792631244218368,我绑定了手机，丝毫不慌
1,277.392,1,25,16777215,1643293826,0,1764f4a4,974778285385490432,哈哈哈哈哈哈，虚构的别忘了
1,207.455,1,25,16777215,1643286661,0,682fff30,974718176944734208,牛逼啊
1,190.259,1,25,16777215,1643279729,0,592783d2,974660024676491264,好家伙我头像hhhh
1,92.457,1,25,16777215,1643278968,0,96f41304,974653646837538816,！岳麓区人惊呆了
1,0.779,1,25,16777215,1643276705,0,767c97b4,974634657690263552,失踪人口回归
1,91.746,5,25,38979,1643274471,0,44246edb,974615916784910336,大   岳   丸
1,179.871,1,25,16777215,1643273039,0,df68ae91,974603910353477632,人家说的是遗憾。。
1,286.247,1,25,16777215,1643266536,0,b5358be5,974549357809598464,我就说为啥老是有人转一分钱给我
1,206.162,1,25,16776960,1643264503,0,bf1b2863,974532305939128320,让我访问
1,293.087,1,25,16777215,1643263743,0,c6f09d39,974525926210076672,还真叫付岩杰啊
1,262.078,5,25,15138834,1643261447,0,26e4d8b,974506665778913280,妇 炎 洁
1,96.018,5,25,15138834,1643259575,0,dde4daad,974490961743618048,WC 我家
1,234.939,1,25,16777215,1643259523,0,a9bc2c5,974490530700812288,大神膜拜
1,76.499,1,25,16777215,1643258528,0,823ff847,974482183722450944,有女朋友的
1,381.979,1,25,16777215,1643257774,0,6d2d42c1,974475853795336192,枚举
1,57.711,1,25,16646914,1643256683,0,cfe7e3d3,974466702292492288,地点 虚构处理这几个字看不到
1,297.019,1,25,16777215,1643256522,0,a133c56a,974465353822748672,妇炎洁
1,158.46,1,25,16777215,1643255221,0,7efd1367,974454439871430656,这卖的好贵啊
1,448.019,1,25,16777215,1643254632,0,1dfb2710,974449499576811520,现在基本没法盗了，否则技术相当牛逼，出现一个叫至尊宝的东西
1,62.339,5,25,8700107,1643254203,0,a5f1d410,974445904045604864,小号网多的是QQ小号 一毛一个
1,137.815,1,25,16777215,1643253897,0,71447f6a,974443330356314112,在附近再找一个点，以圆心建平面直角坐标系，根据距离列方程求解不就有具体坐标了吗
1,151.612,1,25,16777215,1643253766,0,440f53e8,974442232071233536,龙姐？
1,520.994,1,25,16777215,1643252407,0,35a617f,974430833177305088,BGM好评
1,81.362,4,25,15138834,1643251173,0,fe6a86e5,974420486128623616,网络追踪好像也是犯罪…
1,101.42,1,25,16777215,1643245977,0,9a0e5452,974376893880819712,线下单杀
1,280.245,1,25,16777215,1643240086,0,16d10db7,974327481634537472,这名字也是很秀了鸭。
1,7.679,1,25,16777215,1643237546,0,2efbb55,974306169025634304,大家好 我是波桑 我被骗了25万人民币
1,78.139,1,25,16777215,1643233883,0,9093594b,974275445743132672,小号都是自己的！褥游戏活动羊毛
1,471.311,1,25,16707842,1643233091,0,abcb9ef,974268799843336192,现在有5个9年的QQ小号
1,492.489,1,25,16777215,1643232945,0,652d23fd,974267573129641984,这个好像印度某个宗教节日的场面~
1,115.979,1,25,16777215,1643229181,0,a947a865,974236003510165504,全职猎人的念
1,256.312,1,25,16777215,1643223673,0,1ff29cc0,974189797086584832,强强强
1,216.01,1,25,16777215,1643223175,0,f1d1bf39,974185617791721472,防不胜防啊
1,12.166,1,25,16777215,1643191432,3,ce628308,973919338328227840,遇到过
1,13.319,1,25,16777215,1643191418,3,777e83cb,973919222878691328,遇到过
1,37.847,1,25,16777215,1756623804,0,1cadda3c,1925459042093404672,《超级猎手出现》
1,475.034,1,25,16777215,1756538118,0,805b7de7,1924740255375168768,我的海航移动就是170，不全是诈骗好吗
1,50.486,1,25,16777215,1756437876,0,7ab5b071,1923899363408148224,严查up
1,264.545,1,25,16777215,1754302453,0,3e6affb4,1905986141887507456,？？？
1,364.101,1,25,16777215,1753874529,0,1908c8a3,1902396452186129920,我的10个号
1,295.765,1,25,16777215,1752156574,0,35296e95,1887985204846027776,妇炎洁
1,255.227,1,25,16777215,1751458212,0,9c6aa32d,1882126917302836736,我超，盒
1,213.607,1,25,16777215,1751336931,0,8b9f74c1,1881109539089730816,up主就是正义的红客吧？
1,439.831,1,25,16777215,1748705893,0,5d808b31,1859038792263444736,畜牲啊
1,265.252,1,25,16777215,1747149691,0,2dc66442,1845984426014716672,妇炎洁
1,204.043,1,25,16777215,1744513826,0,abc7110c,1823873186077894656,-+
1,299.741,1,25,16777215,1743929123,0,aefc44bd,1818968342099457792,"卖号哥,卧槽给我互开了。"
1,268.05,1,25,16777215,1739503565,0,6b1d2bd0,1781844068130315520,妇炎洁打钱！！！！
1,262.361,1,25,16777215,1739448296,0,6da6f277,1781380439655884800,哈哈哈哈哈哈哈哈哈哈哈
1,269.296,1,25,16777215,1737136368,0,3a5c65ba,1761986577955404032,不是洁尔阴
1,392.052,1,25,15138834,1731391137,0,7c28e672,1713792087201433856,妈呀那我爸的账号不会被盗了吧，他有好几个小号根本就不用
1,273.441,1,25,16777215,1730013919,0,e2635480,1702239149093996288,湖南人震怒！
1,366.452,1,25,16777215,1726562205,0,2129e01,1673284069704148224,我的号被盗了的
1,117.18,1,25,16777215,1725094245,0,4ff3a96e,1660969927890443264,赤瓜吃到自己家
1,276.379,1,25,16777215,1725082899,0,e03b1c68,1660874750593169664,妇炎洁
1,392.819,1,25,16777215,1723824112,0,6ec6288,1650315283426206208,我qq密码特别复杂，是我喜欢的角色的英文名加他的生日
1,264.239,1,25,16777215,1723684298,0,7fb9dd70,1649142441456288768,《妇炎洁》
1,477.204,1,25,16777215,1722754070,0,6e94e2dd,1641339117423841536,我有三个呢
1,28.179,1,25,16777215,1722753519,0,6e94e2dd,1641334496081211136,而且用的还是小号，虽然小号被盗去了，但是已经被冻结了
1,18.539,1,25,16777215,1722753494,0,6e94e2dd,1641334289872641280,遇到过一次，不过老子没钱，反而把他气的够呛
1,395.362,1,25,16777215,1722355986,0,3391647e,1637999750194253056,6啊
1,213.753,1,25,15138834,1720796293,0,2a764505,1624916095121260544,厉害
1,377.613,1,25,16777215,1719783756,0,b44fa607,1616422322548509184,好家伙最简单的办法 跑字典破密码
1,437.378,1,25,16777215,1719134550,0,56874a16,1610976382861888000,有一次我正聊天突然就掉了，那号现在还被冻着
1,435.196,1,25,16777215,1719134447,0,56874a16,1610975524614609664,我号被盗好几次，都在我空间发小广告了
1,255.522,1,25,16777215,1719134015,0,56874a16,1610971899721356288,还有卖谷歌账号的
1,117.309,1,25,16777215,1716477936,0,58e10c07,1588691089953440768,我刚好在圈内
1,265.593,1,25,16777215,1715602229,0,5c1e7c17,1581345126603715072,哈哈哈
1,340.198,1,25,16777215,1715495828,0,4b5fc46,1580452570458047488,不是无痕
1,258.323,1,25,16777215,1715495738,0,4b5fc46,1580451819501733120,社会工程学
1,431.746,1,25,16777215,1714829480,0,df179fd2,1574862838311299840,不是腾讯会回收？？？
1,362.964,1,25,16777215,1709451458,0,d6dd19b,1529748726254747904,QQ最开始登录是没啥QQ号，然后过了几年QQ号老多了，小号和大号分不清的
1,110.799,1,25,15138834,1707645542,0,607752f6,1514599598826598656,天天去西湖公园跑步 下面就是湖大财院
1,334.432,1,25,16777215,1701684157,0,f3dd285e,1464591876790502400,网警能抓到人吗！
1,38.969,1,25,16777215,1695302539,0,c161403f,1411058989621646592,太好看了
1,79.872,1,25,16777215,1692616021,0,d6dd19b,1388522841665870336,以前买小号是为了搬砖，现在几乎没人买了
1,477.324,5,25,16777215,1691418922,0,b375aac,1378480847686375680,灰色轨迹！
1,486.179,1,25,16777215,1690245146,0,6c52765,1368634501714315776,灰色轨迹尾奏
1,278.401,1,25,16777215,1690211638,0,7d66cd4c,1368353412965524224,nb
1,262.412,1,25,16777215,1690191005,0,abb9bbb9,1368180335682028800,痛失一分钱
1,249.037,1,25,16777215,1690190983,0,abb9bbb9,1368180148993972736,从零开始的犯罪生涯（）
1,261.791,5,25,16707842,1690176878,0,8a79f1c6,1368061830521816576,妇炎洁（
1,122.739,1,25,16777215,1689595831,0,5b26e044,1363187652266247680,猎杀行动
1,296.61,5,25,15138834,1689299127,0,bdae798f,1360698717107632896,笑死我了妇炎洁
1,366.568,1,25,16777215,1689130837,0,e2b7fee6,1359286998694962688,我好几个号都忘记密码了
1,274.152,1,25,16777215,1689130724,0,e2b7fee6,1359286051730219520,天眼查
1,266.942,1,25,16777215,1689130710,0,e2b7fee6,1359285935808156928,哈哈哈
1,210.704,1,25,16777215,1689130649,0,e2b7fee6,1359285421166848512,我的号也被盗了
1,119.014,1,25,16777215,1689130541,0,e2b7fee6,1359284517143355136,半径直径
1,92.435,1,25,16777215,1689130505,0,e2b7fee6,1359284212863133952,开挂的
1,48.742,1,25,16777215,1689130453,0,e2b7fee6,1359283780774762240,天眼查天眼查
1,117.799,1,25,15138834,1688796419,0,77878a01,1356481699558584576,《逆局》剖绘
1,383.272,1,25,16777215,1688200878,0,db3633e4,1351485939662666752,QQ挖矿
1,220.999,1,25,16777215,1687271680,0,2718af57,1343691261055598080,难蚌
1,96.35,1,25,16777215,1687271566,0,2718af57,1343690300845052928,真人快打是吧
1,345.838,1,25,16777215,1684727808,0,d4b7d401,1322351714971701760,厉害哦
1,412.744,1,25,16777215,1683781539,0,bae810f5,1314413837440689408,stearn
1,404.855,1,25,15138834,1683572877,0,ca25bd87,1312663450161401344,也有卖的
1,340.129,1,25,15138834,1683572780,0,ca25bd87,1312662639813538560,网吧厕所收的
1,317.132,1,25,15138834,1683572739,0,ca25bd87,1312662294563881472,做大做强！再创辉煌！！！！！
1,268.193,1,25,15138834,1683572672,0,ca25bd87,1312661729029091840,妇炎洁？？？？？？？？
1,118.0,1,25,16777215,1682422027,0,275cd70,1303009424243653120,应该说在圈上吧
1,261.66,1,25,16777215,1681751546,0,1a8a83c1,1297385016493426432,妇炎杰
1,268.121,1,25,16777215,1681634000,0,5d0672ed,1296398972340321792,我在最右APP看到过这个人发评论，他发的身份证叫妇炎洁
1,264.361,1,25,16777215,1681633973,0,5d0672ed,1296398747768482048,妇炎洁
1,309.673,1,25,16777215,1680836281,0,5aa2e23c,1289707221034345216,我去 太牛了吧
1,72.399,1,25,16777215,1680737543,0,548f0928,1288878944015436288,我一般看见小号90%以上都当骗子处理
1,286.264,1,25,16777215,1680669852,0,5ee02d3f,1288311116019350272,前面说了名字模糊化了
1,24.399,1,25,16777215,1680009595,0,d6dd19b,1282772476232845056,我也想遇到，然后骗他去
1,23.179,1,25,16777215,1680009589,0,d6dd19b,1282772429692987392,我从来没遇到过
1,427.37,1,25,16777215,1679223913,0,9d59822,1276181699222355456,我的QQ号就是被这样骗没的！
1,354.621,1,25,16777215,1678793288,0,813d1cf1,1272569356647326464,卖号就不是事
1,124.602,1,25,16777215,1678784043,0,3fadb1bc,1272491798664608000,我的湖工商
1,246.41,1,25,16777215,1678246225,0,5030b7e6,1267980256694766080,6
1,432.939,1,25,16777215,1678174744,0,c9eb3f77,1267380626957380352,我好友碰过
1,119.101,1,25,16777215,1677905612,0,6b571fb3,1265122987984663040,卧槽。。。
1,66.239,1,25,15138834,1677863738,0,b7d8263b,1264771725208360704,红客牛逼
1,463.987,5,25,15138834,1677475747,0,4061642e,1261517014384880640,稍微接触黑市的人都有成批的身份证！
1,103.718,1,25,16777215,1677460812,0,dff577fd,1261391737251870976,这不就在湖大北校区边上吗？？！
1,459.946,1,25,16777215,1676941168,0,c17396ee,1257032648132482560,我试过 玩的那个游戏邀请新人会送道具…
1,436.729,1,25,16777215,1676941056,0,c17396ee,1257031708684091648,我被盗过号 点进去被盗号好友发出来的钓鱼链接骗了密码 然后用我的号发钓鱼链接给好友 但是我自己能登号
1,401.596,1,25,16777215,1676940826,0,c17396ee,1257029776502456576,太久不用腾讯不是会自动回收吗？
1,329.014,1,25,16777215,1675747491,0,dbb377ab,1247019355699742976,真·白客
1,44.062,1,25,15138834,1675194926,0,21a4676f,1242384109150438144,zm
1,366.461,1,25,11890,1674382484,0,d96f5dde,1235568845029555456,我也！！！
1,20.03,1,25,16777215,1674121553,0,5bbdc720,1233379999881514240,平时基本都不用QQ……
1,369.463,1,25,16777215,1673946288,0,5f06978d,1231909771389522176,我之前QQ被盗过，半年后才弄回来
1,539.833,1,25,16646914,1673602536,0,c905e69a,1229026165956849920,注意安全
1,504.335,1,25,16777215,1673517338,0,21f96c0f,1228311473332525568,投币了
1,96.428,5,25,15138834,1673360326,0,e7d5e9b0,1226994362697872640,我建议你多买几个黑客的书。注意你一定要小心呐  建立好防御手段。不要在网络或者是拿手机散步泄露。
1,427.633,1,25,16777215,1673281982,0,e6a1a538,1226337169887960064,从来没冲过
1,304.486,1,25,16777215,1673275790,0,37c44c05,1226285225722528256,刚开始不是都说过名字都是虚构的。。
1,167.617,1,25,16777215,1673088852,0,72e8ec66,1224717073368894976,保护
1,283.228,1,25,16777215,1672585771,0,3eb26700,1220496929595687168,妇炎洁
1,314.473,1,25,16707842,1670865084,0,fa52b913,1206062756508521216,荣华富贵大家庭
1,312.979,1,25,16777215,1668169147,0,c6d879d8,1183447598728816640,妇炎洁
1,277.952,1,25,16777215,1668051625,0,3d0a5e46,1182461756665435392,《洗洗更健康》
1,130.879,1,25,16777215,1667829925,0,63c2ac4c,1180601995334407168,天才
1,93.979,1,25,16777215,1666670225,0,2eb8abf9,1170873727726927104,卧槽，我家旁边
1,471.536,1,25,16777215,1666018381,0,867ecf79,1165405668438626304,灰色轨迹！
1,42.879,5,25,104601,1665472394,0,60070d8c,1160825592422208768,遇到过，辛亏对方是个傻子
1,43.039,1,25,16777215,1665471469,0,6c1f393c,1160817834696237824,人才市场经常看到收QQ号的
1,280.023,1,25,16777215,1662831154,0,a151ce03,1138669270578938880,哈哈哈
1,438.8,1,25,16777215,1662007593,0,545107e1,1131760739606880512,Qqkey
1,58.784,1,25,16777215,1661311858,0,d0e3a9d8,1125924492493761280,诈骗分子被我反诈骗了9块
1,263.2,1,25,16777215,1661274833,0,4baf58d7,1125613897982699264,妇炎洁？哈哈
1,358.347,1,25,16777215,1660633515,0,c424753b,1120234139623101184,这不是我吗？注册了5年的号
1,421.859,1,25,16777215,1660571175,0,b9fbdafb,1119711186922075392,dnf
1,464.359,1,25,16777215,1660531403,0,1908c8a3,1119377557452769024,不早说  我有20来个游戏号  应该值不少钱→_→
1,222.547,1,25,16777215,1660396252,0,e3a5dffc,1118243833784608256,Upnb
1,495.336,4,25,52480,1660267670,0,c9dfbf87,1117165202844998656,这个？宗教问题？
1,455.905,1,25,16777215,1660011920,0,ac7b4382,1115019822179158528,密码改114514，无敌！
1,273.047,1,25,16777215,1659952642,0,e58bf0b9,1114522562374823680,对上了
1,218.808,1,25,16777215,1659952584,0,e58bf0b9,1114522074199988224,大数据时代
1,268.711,1,25,15138834,1659060034,0,b212d6a6,1107034823731715584,«妇炎洁»
1,268.711,1,25,16777215,1659060026,0,b212d6a6,1107034751941852928,«妇炎洁»
1,262.684,1,25,16777215,1658945815,0,7856f008,1106076686111467264,妇炎洁，好名字
1,277.459,1,25,15138834,1658890133,0,14e103fa,1105609587681188096,直接捅到诈骗人老家
1,83.059,1,25,16777215,1658872098,0,e2b7fee6,1105458298003448064,开挂的
1,97.979,1,25,16777215,1658804670,0,4ec15d39,1104892674667722496,我也在长沙
1,18.503,1,25,16777215,1658754011,0,f9a84d01,1104467715688722432,好家伙居然是同月同日生
1,263.317,1,25,16777215,1658646420,0,e22bfe04,1103565176780625408,妇炎洁？
1,118.219,1,25,16777215,1658596862,0,57ac901b,1103149452694241280,地理追凶法
1,286.899,1,25,16777215,1658545349,0,51098632,1102717333878652928,wc    我生日这天
1,426.991,1,25,16777215,1658403783,0,446ec69,1101529792013996032,我就被骗过我多次验证最后没赚钱，那次真的危险 说话声音都和我同学一模一样，最近一问他朋友号被盗了
1,80.223,1,25,16777215,1658396681,0,a3572de5,1101470211229439232,买小号开挂
1,408.436,1,25,16777215,1658384396,0,f0b21806,1101367158706948608,鸡皮疙瘩掉一地
1,356.411,1,25,16707842,1658384251,0,1a1149e6,1101365945303119360,我新注册的QQ是08年的，而且是别人废弃的
1,248.47,1,25,16777215,1658384209,0,f0b21806,1101365586253846272,起鸡皮疙瘩了
1,496.394,1,25,16777215,1658380070,0,a24b8b2c,1101330868187897344,只有qq可以用同一个手机号
1,129.842,1,25,16777215,1658380014,0,c738920e,1101330400329870848,up小心安全
1,428.551,1,25,16777215,1658379937,0,a24b8b2c,1101329757653586432,woc原来如此还好我虽然密码都一样但是都不简单
1,457.445,1,25,16777215,1658377292,0,144df6b5,1101307564550852608,我王者荣耀的号是这么被盗走的
1,87.259,5,25,15138834,1658369817,0,10a63f81,1101244859680832000,《技术手段》
1,389.385,1,25,16777215,1658362001,0,b9dcdf5c,1101179295520372480,完了我有一个号是114514
1,171.152,1,25,16777215,1658324691,0,27f10d8f,1100866313116692992,这个人一看就是卖贵，qq小号那些市场价1块左右
1,400.783,1,25,16777215,1658322597,0,aed227b9,1100848748495519232,我忘记的QQ小号头像信息没换过，应该没被盗
1,262.226,1,25,16777215,1658319313,0,b35cb36d,1100821200105383936,妇炎洁？
1,266.815,1,25,16777215,1658316843,0,131596ca,1100800479161708544,妇炎洁
1,365.343,1,25,16777215,1658227305,0,5b26e044,1100049386882244608,我注册了不下十个，目前只有两个在用
1,222.259,1,25,16777215,1657638779,0,4d506b32,1095112466813271808,真厉害
1,264.964,1,25,16777215,1657097404,0,659f4c25,1090571086816412160,这名字，卧槽
1,75.699,1,25,16777215,1656751476,0,fa70dbcd,1087669235053938432,开挂
1,293.395,1,25,16777215,1656722817,0,5a13e251,1087428825215870720,恩，妇炎洁
1,236.099,1,25,16777215,1656336682,0,3f4d6bb9,1084189692397842688,脑洞太大了
1,265.916,1,25,16777215,1655955578,0,93ba2380,1080992752902160128,哈哈哈哈哈哈哈哈哈哈xswl
1,486.543,1,25,16777215,1654780738,0,f745d248,1071137486694191616,beyond的歌，忘记叫啥了
1,301.92,1,25,16777215,1654685949,0,3dee98b2,1070342333494697984,白手起家nb
1,262.547,1,25,16777215,1654575772,0,890e110a,1069418101403277056,这名字………认真的吗
1,296.63,1,25,16777215,1654520117,0,580294fa,1068951234381216512,妇炎洁 洗洗更健康
1,11.401,1,25,16777215,1654402420,0,19af6cb9,1067963922985828096,救命，那个QQ好像也是骗我的那个
1,290.033,1,25,16777215,1653871658,0,28f5d667,1063511567519194368,哈哈哈哈哈哈哈哈哈哈哈哈哈哈哈哈哈哈
1,132.207,1,25,16777215,1653575646,0,2e5c4cf4,1061028438099409408,666666
1,264.592,1,25,16777215,1653317872,0,eb46c0ca,1058866077288696064,妇炎洁……
1,261.979,1,25,16777215,1653232600,0,6daaa079,1058150761130627840,真巧了，我也用妇炎洁
1,264.379,5,25,15138834,1653209048,0,92d1791b,1057953195730635264,妇炎洁
1,403.373,1,25,16777215,1653106540,0,668cf441,1057093290513480704,比特币？
1,50.867,1,25,16777215,1653105221,0,668cf441,1057082225570873088,首先排除长沙
1,255.379,1,25,16777215,1653101278,0,3b5af30f,1057049153575769344,BGM好评
1,255.379,1,25,16777215,1653101268,0,3b5af30f,1057049068271901696,BGM好评
1,266.63,1,25,16777215,1653004385,0,e0e92365,1056236358814848768,莫名其妙多了0.01
1,403.742,1,25,16777215,1652997457,0,454ba8ae,1056178236876166656,挖矿
1,80.979,1,25,16777215,1652963179,0,68a715c2,1055890696424303360,打广告的也会用小号吧
1,304.989,1,25,16777215,1652962252,0,cad17eee,1055882919270330624,洗洗更健康
1,347.736,1,25,16777215,1652847737,0,9899ca30,1054922299209189888,艾玛  这个马赛克截图泪目
1,54.539,1,25,16777215,1652629314,0,c59372e9,1053090027875295488,任罡？（狗头
1,27.948,1,25,15138834,1651316986,0,97d1e1de,1042081429670288384,(●l◡l●)
1,22.024,1,25,16777215,1651316948,0,97d1e1de,1042081106062486016,(●'◡'●)
1,472.601,1,25,16777215,1651031602,0,1b7c0ee4,1039687453965248000,170是蜗牛移动
1,446.496,1,25,16777215,1650541566,0,b662a9b0,1035576731454858752,我今天就被骗了号 但是机智的我有把号抢回来了哈哈哈 那骗子还想诈骗我好友 最后没得逞
1,97.019,1,25,16777215,1650535202,0,a679c31b,1035523349650315776,掏枪，线下PVP（开玩笑的）
1,276.361,1,25,16777215,1650257875,0,98a1e0d4,1033196957536992256,妇炎洁
1,500.614,1,25,16777215,1650257609,0,40397c40,1033194725303322624,灰色轨迹
1,19.645,1,25,16777215,1649998304,0,5b468260,1031019522985282560,点错了
1,267.316,1,25,16777215,1649945638,0,98fab6b7,1030577722541359104,这名字。。。
1,77.557,1,25,16777215,1649945437,0,98fab6b7,1030576039048376832,还有买小号薅羊毛的啊
1,472.528,1,25,16777215,1649862437,0,239f02aa,1029879781086694912,灰色轨迹！
1,93.782,1,25,16777215,1649246579,0,6e97bc60,1024713597407968768,《虚构处理》
1,299.77,1,25,16777215,1649220069,0,d7b92d2b,1024491212389797888,搞笑区up
1,289.259,1,25,16777215,1649123093,0,621ab65f,1023677714143552000,妇炎洁
1,92.739,1,25,16777215,1648873124,0,c333a3e7,1021580829757061632,NB
1,100.256,5,25,16646914,1648860501,0,4f4e9c1f,1021474938730792448,物理捕捉（doge）
1,302.592,1,25,16777215,1648548103,0,64db8272,1018854349645937664,妇 炎 洁
1,85.851,1,25,16777215,1648536044,0,d844630c,1018753198309222912,打游戏
1,58.382,5,25,16646914,1648270314,0,7f66fd47,1016524092758659584,这肯定不是tele gram
1,293.833,1,25,16777215,1648182205,0,32a49ac0,1015784975620232192,妇炎洁
1,98.464,1,25,16777215,1647835881,0,3da939b6,1012879799175228928,线下网爆
1,79.767,1,25,16777215,1647753544,0,cb3c7e61,1012189111987166720,不想让一些人污染我的大号列表
1,201.548,1,25,16777215,1647743040,0,dfa7657e,1012100992621473280,+
1,408.349,1,25,16777215,1647736394,0,74bcea23,1012045239860563456,凑，我自己设置了一个34位密码，然后我给忘了
1,100.719,1,25,16777215,1647705220,0,bd69461e,1011783734661617152,虚构
1,37.209,1,25,16777215,1647698888,0,cb3747a4,1011730621560660992,卖号也犯法
1,74.186,1,25,16777215,1647693041,0,9cda9cc5,1011681572815931392,我买
1,116.358,1,25,16777215,1647144476,0,5027f271,1007079874868856832,半径吧。。。。。。
1,264.336,1,25,16777215,1647138820,0,412ee42,1007032433272657408,妇炎洁？
1,444.037,1,25,16777215,1646998991,0,56d37972,1005859459005861376,我被盗过，还被发了黄色的广告
1,266.335,1,25,16777215,1646931114,0,36879a0d,1005290069310963712,这名字确实是真的？
1,296.107,1,25,16777215,1646911991,0,bbbd4bde,1005129649908573696,妇炎洁
1,297.319,1,25,15138834,1646910933,0,68082c66,1005120775231134208,妇炎洁哈哈哈哈哈哈哈哈哈哈哈
1,277.333,1,25,16777215,1646910801,0,5de583f4,1005119664881452544,妇炎洁
1,267.676,1,25,16777215,1646910791,0,5de583f4,1005119584015005696,？？？？？？
1,295.348,1,25,16777215,1646909170,0,30ea38ee,1005105983481140736,哈哈哈
1,310.779,1,25,16777215,1646908169,0,dd751c25,1005097585645833728,zu大zu强，再创辉煌
1,299.716,1,25,16777215,1646908050,0,a9674aef,1005096593860646400,妇炎洁
1,539.072,1,25,16777215,1646907095,0,d9ae6638,1005088576792178688,第一个看完的！
1,466.604,1,25,16777215,1646541005,0,363a2cd9,1002017592623541760,灰色轨迹！！！
1,72.895,1,25,16777215,1646485005,0,ccbe1b34,1001547834627085824,搞群机器人的我
1,93.116,1,25,16777215,1646323228,0,43ac7026,1000190747628327936,你这歇后语还能3连
1,266.322,1,25,16777215,1646290794,0,a9a15c8f,999918676239277056,笑拉了
1,270.25,1,25,16777215,1646183749,0,7a77e9a0,999020710079165952,蚌埠住了，妇炎洁
1,265.792,5,25,16707842,1646103190,0,154de099,998344938859757568,妇炎洁66666
1,277.979,1,25,15138834,1646052465,0,43e62875,997919419855790080,妇炎洁
1,479.461,1,25,16777215,1646046258,0,445fc92c,997867354031579136,灰色轨迹～
1,183.097,1,25,16777215,1646039992,0,a1f41719,997814792525422592,666
1,24.859,5,25,16777215,1646013455,0,ad78a796,997592182953771008,点错了
1,268.166,1,25,16777215,1645977127,0,44d28277,997287440670531584,妇炎洁
1,421.449,1,25,16777215,1645966476,0,5117b16a,997198092435660800,我的Q币一充就没。。后来不充了
1,362.509,1,25,16777215,1645966165,0,5117b16a,997195485956997120,以前上一次网就注册一个qq
1,359.329,1,25,16777215,1645957633,0,84c04cae,997123918833139712,忘了两个
1,272.799,1,25,16777215,1645950468,0,8e61ae2d,997063808197550080,妇炎洁？
1,74.316,1,25,16777215,1645948481,0,703ba7ed,997047146041081856,好像是飞机里的
1,367.112,1,25,16777215,1645936578,0,deb0bb92,996947292108292096,那时候账号不用身份证注册
1,340.954,1,25,16777215,1645936413,0,34497f73,996945912891604992,白帽子
1,537.839,1,25,16777215,1645883377,0,cd3c6998,996501012789649408,昨天刚被盗号。
1,513.619,1,25,16777215,1645869278,0,86f03553,996382738716966912,170
1,485.58,1,25,16777215,1645864916,0,84a42fdf,996346150115270656,明明是灰色轨迹
1,272.739,1,25,16777215,1645850897,0,47790500,996228545867587584,好家伙，妇炎洁，洗洗更健康
1,212.014,1,25,16777215,1645836338,0,c8dfba8,996106415452766208,大佬
1,112.082,1,25,16777215,1645805446,0,a86aad7,995847275716984832,天呐西湖公园诶
1,477.779,1,25,16777215,1645803346,0,7275b3fa,995829659100807168,我二叔的号码就是170开头的，怪不得一给他打电话就出来一个虚拟运营商
1,326.219,1,25,16777215,1645789296,0,b63f901a,995711802854268928,人物皆为化名……
1,116.34,1,25,16777215,1645787875,0,7e48f0cd,995699879868612608,我就在西湖公园 我的发 害怕
1,265.236,1,25,16777215,1645784831,0,18985a30,995674349875380224,等等 这不是我曾经的名字吗？？？？？？
1,438.056,1,25,16777215,1645777107,0,969e19f6,995609552214548480,我的qq以前被盗过，10多位的字母数字密码，都被盗了2
1,306.671,1,25,16777215,1645776926,0,969e19f6,995608033116168192,你不说，都还没没反应过来呢
1,210.769,1,25,16777215,1645776830,0,969e19f6,995607228676128768,真牛
1,46.208,1,25,16777215,1645776665,0,969e19f6,995605848610906112,以前淘宝都有卖的
1,21.608,1,25,16777215,1645762676,0,957571a9,995488496096722944,到他来骗我的时候，他已经盗掉了我身边的10来个号，用来进行诈骗，但是经过我在群里，在动态里的提醒，现在暂时还没有发现其他人被盗
1,279.249,1,25,16777215,1645752231,0,34140e0e,995400881686544384,哈哈哈哈哈
1,295.66,1,25,16777215,1645736198,0,ac75646a,995266380869754880,洗洗更健康
1,368.983,1,25,16777215,1645723876,0,b88abf2b,995163023222579200,网吧全都是盗号木马
1,268.966,5,25,16646914,1645717327,0,e8fc0f2,995108081511759872,妇炎洁
1,57.853,1,25,16777215,1645708779,0,78972097,995036379086815232,t g
1,310.378,1,25,16777215,1645686072,0,a2e06fe,994845898975707136,取这个名字的他父母是怎么想的
1,154.339,1,25,16777215,1645683547,0,a84e91e4,994824718199201792,我以前也想买 后来太贵了放弃了
1,145.696,1,25,16777215,1645676829,0,969cc48d,994768362537312256,线下单杀
1,142.199,1,25,16777215,1645675246,0,f8ed34d2,994755082311090176,注意安全
1,298.459,1,25,16777215,1645674743,0,bcdb5520,994750858695524352,妇炎洁是吧
1,245.528,1,25,16777215,1645634581,0,ebc8561a,994413955209003008,查完记得养成删记录的习惯
1,317.544,1,25,16777215,1645630241,0,587636f8,994377551907471360,知乎打钱
1,264.611,1,25,16777215,1645624230,0,a978e206,994327124846493696,卫生巾我只用妇炎洁
1,522.499,1,25,16777215,1645620570,0,b9dfb1c5,994296423360659456,UP主注意安全！
1,94.786,1,25,16777215,1645612018,0,2d82e6c7,994224689854652416,吃瓜吃到家门口
1,7.979,1,25,16777215,1645609765,0,c4dd5aaf,994205790368169984,竟然是柴桑！！！
1,363.299,1,25,16777215,1645603997,0,54897d47,994157397253799936,吓得我赶紧打开qq看了下
1,10.975,1,25,16777215,1645593446,0,c8f8e304,994068891700338688,被音乐劝退
1,280.895,1,25,16777215,1645586759,0,e91e9010,994012796647260160,妇炎洁？？？哈哈哈哈哈哈哈哈
1,293.514,1,25,16777215,1645585888,0,bdc0a69f,994005488637247488,妇炎洁
1,290.959,1,25,16777215,1645583765,0,dcec96b9,993987683284287488,哈哈哈哈哈哈妇炎洁
1,296.539,1,25,16777215,1645580574,0,499f5fa3,993960916745134080,之前不是说名字虚构的嘛？
1,100.699,1,25,16777215,1645567132,0,b94aafbe,993848155171020800,我擦，我现在就在。。
1,301.405,1,25,16777215,1645550036,0,3bf19568,993704747175485440,虚构的名字！你们仨不仨
1,276.505,1,25,16777215,1645538713,0,67b475ac,993609758123180032,牛啊
1,12.811,1,25,16777215,1645522451,0,e4dd8506,993473342088314880,谁说正在光里的才算英雄
1,413.339,1,25,16777215,1645521887,0,c9404e72,993468612726857728,牛啊
1,483.345,1,25,16777215,1645520201,0,703ae1e4,993454469568462848,woc我奶家手机号就是170
1,215.109,1,25,16777215,1645518295,0,c9515688,993438479568257024,不当人
1,265.383,1,25,16777215,1645517560,0,5dab823e,993432315391533056,哈哈哈哈哈哈哈哈哈
1,61.801,5,25,15138834,1645511730,0,ec89b1bd,993383406687207424,米哈游网络
1,43.918,1,25,16777215,1645501244,0,ae768b71,993295446275211264,《老兄》
1,516.739,1,25,16777215,1645466330,0,e9709c55,993002565566087168,手机上请设置170开头号码屏蔽短信电话
1,455.829,1,25,16777215,1645461172,0,fa4b111b,992959296153714688,我说我小号怎么封了……
1,62.899,1,25,16777215,1645439069,0,b0d75d06,992773883353923584,3500+
1,299.606,1,25,16777215,1645435912,0,30335a32,992747404041216000,救命这个名字 、
1,362.999,1,25,16777215,1645433969,0,9484e1d5,992731103788687360,我QQ没了好几个有的还是被盗号的
1,12.939,1,25,16777215,1645429841,0,d635c7da,992696473081135104,没有qq
1,362.407,1,25,16777215,1645428221,0,23cd5b08,992682886412107776,我的小号！被人盗了那人还跟我聊天！
1,53.051,1,25,16777215,1645420443,0,7a68b12a,992617640647163904,虚构处理，不在长沙吧
1,291.159,1,25,16777215,1645419976,0,845fd38a,992613717792743424,妇炎洁？
1,440.876,1,25,16777215,1645418662,0,ebb07e8,992602698616905728,转呗，反正我不玩游戏
1,266.339,1,25,16777215,1645415026,0,65609600,992572200214077440,哈哈哈哈哈哈哈
1,289.399,1,25,16777215,1645411741,0,43995a2a,992544637885530112,c这天我生日
1,271.909,1,25,16777215,1645410151,0,3ce4b8c4,992531304051687424,妇炎洁
1,264.682,5,25,16707842,1645410054,0,5c6a84b6,992530487393288192,妇炎洁，洗洗更健康
1,192.819,1,25,16777215,1645409241,0,c867fdee,992523668109312000,牛逼
1,261.014,1,25,16777215,1645407452,0,c8cb9dfc,992508660655882240,洗洗更健康？
1,424.899,1,25,16777215,1645406504,0,4b544432,992500712009711616,之前点了链接。密码被盗，还好申诉回来了
1,336.48,4,25,6830715,1645403777,0,2b47b5ac,992477833893298176,拘他
1,298.886,1,25,16777215,1645403133,0,f0b3eb38,992472431498190848,妇炎洁
1,412.021,1,25,16777215,1645384455,0,994051be,992315750404227072,挖矿 哈哈
1,137.555,1,25,13369971,1645361239,0,7394d431,992120999722131456,DELL电脑瞩目
1,396.919,1,25,16777215,1645361174,0,dcec3a74,992120454688997376,擦，大哥！
1,528.779,1,25,16777215,1645347377,0,f0f3ade1,992004714171260928,保护
1,92.746,1,25,16777215,1645342426,0,7ca5ab4c,991963180808224768,吓我一跳，我家住岳麓区
1,263.428,1,25,16777215,1645338692,0,8f697acf,991931859600064512,银行卡转账不会露出姓名的啊
1,102.227,1,25,16777215,1645334198,0,c10195c2,991894164446887936,好家伙，在地图上看到自己住的地方了
1,61.815,1,25,16777215,1645331246,0,976d7c8b,991869401007538176,优质商家啊
1,99.606,1,25,16777215,1645322780,0,46ea0b26,991798380426534912,不是地域黑 长沙诈骗犯贼多 我自己就碰到四五个
1,340.24,1,25,16777215,1645291816,0,985a5535,991538638385602560,无痕模式是本地无痕，除非你n会用Tor隐藏
1,370.826,1,25,16777215,1645284361,0,c4b80ee2,991476098421481472,我之前搜索自己的QQ号，在一个网站上看到了账号和密码
1,364.123,1,25,16777215,1645277984,0,6b1c4307,991422606065942528,保护好自己啊up主！！！！！
1,197.839,1,25,16777215,1645277382,0,5ae16a2b,991417552194519040,UP主是个大佬
1,363.829,1,25,16777215,1645273803,0,f898e12,991387534840856576,哈，当年我自己有6个号，现在就用一个
1,373.008,1,25,16777215,1645271905,0,d43f1d84,991371611805319168,我有好几个小号就被盗了 
1,293.437,1,25,16777215,1645262986,0,d24ab9d6,991296794928652288,我去真名啊笑喷了
1,364.234,1,25,16777215,1645262332,0,34021e3b,991291307186757632,我是忘了QQ号码。。。
1,341.041,1,25,16777215,1645262295,0,34021e3b,991290997939716096,nb啊！
1,279.566,1,25,16777215,1645256514,0,539f92c9,991242504896839680,妇炎洁666
1,11.488,1,25,16777215,1645256394,0,3bd5a6de,991241500067438592,比波硬
1,25.4,1,25,16777215,1645254693,0,93d73aa9,991227223185514496,额点错了
1,344.859,1,25,16777215,1645251610,0,d2f678fe,991201366362251264,大哥！
1,140.859,1,25,16777215,1645247307,0,3720bccc,991165270408765440,666666
1,4.559,1,25,16777215,1645246087,0,2a8ac770,991155037122985984,傻子太多，诈骗分子人数紧缺
1,120.81,1,25,16777215,1645245294,0,30980cbb,991148381542047744,厉害！！！
1,267.644,1,25,16777215,1645245002,0,4f1851c3,991145936233889792,妇炎洁
1,37.896,1,25,15138834,1645242935,0,9986accc,991128596038057984,有买的，给你钱还不少让你注册账号。我以前还遇到过，一看就干坏事的没搭理
1,313.719,1,25,16777215,1645242440,0,f1eaf521,991124443703558144,妇炎洁
1,519.939,1,25,16777215,1645240842,0,aa998b3d,991111039386959872,那现在的游戏账号交易怎么规范
1,281.079,1,25,16777215,1645235655,0,1a7ada0e,991067522012217344,太厉害了，好像游戏全民公敌
1,271.339,1,25,15138834,1645235619,0,f8e8640e,991067225627951104,妇炎洁？
1,334.401,1,25,16777215,1645201066,0,f86503ea,990777370529316864,无痕浏览器行吗
1,292.579,1,25,16777215,1645194736,0,7f63ae18,990724271341182976,妇炎洁？？
1,542.557,1,25,16777215,1645192260,0,90617a57,990703503079497728,加油！
1,141.919,1,25,41194,1645189682,0,400b722c,990681877004861440,哪有什么岁月静好，只是有人为我们负重前行。
1,121.872,1,25,16777215,1645188627,0,81af021a,990673022428274688,这也太专业了吧
1,297.5,1,25,16777215,1645184376,0,5fe5d758,990637366462332928,妇炎洁？
1,22.345,1,25,16777215,1645181723,0,4a290c97,990615113450766336,没钱就不怕
1,428.884,1,25,16777215,1645180603,0,88aa03f4,990605714295857152,我亲友昨天被盗号了，还想来盗我的
1,241.285,1,25,16777215,1645180409,0,88aa03f4,990604090955194368,好家伙
1,298.771,1,25,16777215,1645178103,0,2b16c913,990584746071605248,开头不是说了名字地址都是虚构吗？？？？
1,263.115,1,25,16777215,1645177634,0,b0ff38df,990580805559959552,妇炎洁
1,264.363,1,25,16777215,1645177573,0,11201b4f,990580299516051456,妇炎洁？？？哈哈哈哈哈哈
1,269.745,1,25,16777215,1645176466,0,41097367,990571013480185856,哈哈哈哈哈哈哈哈哈
1,65.574,4,25,13369971,1645171506,0,1cee7295,990529400159395840,又是奇怪的歇后语
1,261.338,1,25,16777215,1645168105,0,acab398a,990500873172705280,妇炎洁
1,368.168,1,25,16777215,1645164829,0,c4878949,990473389373300736,2004时候注册了一个QQ，名字叫蚂蚁，登过几次，早就忘记密码了
1,270.799,1,25,16777215,1645161663,0,4deac4b5,990446838271303680,洗洗更健康
1,387.335,1,25,16777215,1645161295,0,d42155cc,990443746899697664,卧槽，我的密码就是
1,389.694,1,25,16777215,1645160981,0,f1d07b16,990441117653639168,好家伙我19年被盗过
1,367.287,1,25,16777215,1645159423,0,1b7b4285,990428042622418944,我就忘了2个
1,296.714,1,25,16777215,1645159371,0,735f6fd,990427611111276544,这个名字我他喵的直接三连
1,312.359,1,25,16707842,1645156250,0,a4a76d3c,990401423732867072,骗子都循序渐进
1,479.117,1,25,16777215,1645156215,0,f52b2705,990401137138098176,”电信”诈骗
1,272.999,1,25,16707842,1645156200,0,a4a76d3c,990401008593354752,对骗子就该把他名字暴出来
1,262.799,1,25,16707842,1645156174,0,a4a76d3c,990400793646522368,妇炎洁卧槽
1,125.499,1,25,16777215,1645156015,0,a4a76d3c,990399459604135936,保护好自己啊
1,68.799,1,25,16777215,1645155950,0,a4a76d3c,990398910900469760,小心点up，那些骗子也会看这个视频
1,118.355,1,25,16777215,1645145060,0,3322e5be,990307555237322752,牛逼！
1,17.806,1,25,16777215,1645137351,0,a35ade3d,990242888251768832,柴桑哈哈哈哈哈哈
1,514.947,1,25,16777215,1645117673,0,872f0b3,990077818843447296,这个灰色轨迹bgm爱了
1,100.439,1,25,16777215,1645115298,0,57915ff1,990057900316704768,我去我家旁边
1,470.616,1,25,16777215,1645109226,0,569c7e6,990006965128355840,灰色轨迹诶
1,362.785,1,25,16777215,1645102759,0,e83f3d60,989952712445280256,我之前就有两个号丢了
1,85.659,1,25,16777215,1645099640,0,7ee4f3f0,989926550493642752,饭圈数据粉会买小号的
1,278.532,1,25,16777215,1645098414,0,c866f494,989916264000741376,我初中同学一样的名字
1,287.969,1,25,16777215,1645097167,0,869d81b9,989905799681327104,妇炎洁
1,438.498,1,25,16777215,1645091598,0,3e93eb8e,989859089360502784,我也被盗过，不是我朋友告诉我空间发些广告我都不知道
1,211.559,1,25,16777215,1645090529,0,5c5a5764,989850123278876672,开盒了
1,99.059,1,25,16777215,1645090404,0,5c5a5764,989849072888668160,线下PK
1,61.499,1,25,16777215,1645090332,0,5c5a5764,989848468774723584,黑市也搞活动?
1,438.133,1,25,16777215,1645090290,0,bdcd3af0,989848114785370112,听完想注销账号了
1,164.135,1,25,16777215,1645084952,0,f8c92c1e,989803339592933376,大佬大佬
1,78.379,1,25,16777215,1645084271,0,8d37afa7,989797627714453504,买过，为了游戏
1,467.759,5,25,15138834,1645083932,0,2c352413,989794779382693888,灰色轨迹
1,343.159,1,25,16777215,1645081183,0,72be2b8,989771721672400896,无痕模式只是你电脑上无痕，网上还是会留的。
1,19.27,1,25,16777215,1645076344,0,ec912f37,989731122902032384,柴桑？
1,74.759,1,25,16777215,1645076218,0,dd806d4,989730070661349376,开挂呗
1,452.857,1,25,16777215,1645070611,0,3c5f7992,989683038786322432,我被盗过一次辛亏及时发现
1,275.019,1,25,16777215,1645065650,0,c75fd93d,989641415819517952,匿名处理了
1,80.727,1,25,16777215,1645063581,0,7d909b68,989624061055467520,这个就正常了
1,294.179,1,25,16777215,1645061503,0,5e7640a5,989606631826194432,真 实名上网
1,292.959,1,25,16777215,1645060325,0,597083b7,989596748074450944,真有啊！
1,321.107,1,25,16777215,1645060237,0,5f69bb84,989596012590047232,妇炎洁
1,303.535,1,25,16777215,1645060219,0,5f69bb84,989595864818384896,n暴露了
1,96.679,1,25,16777215,1645060113,0,597083b7,989594975311699968,这不巧了，这不是
1,16.659,1,25,16777215,1645046550,0,5171d270,989481198678966272,"我倒是遇见过不过呢，他没有坑到我的钱。他反而还给了我两块钱。我说我拿两块钱去充话费。没流量聊不了天。他就傻乎乎的给了我两块。我回手就是删除好友。 Oh, yeah."
1,368.442,1,25,16777215,1645042936,0,d849613,989450882146041856,我三个号到现在只剩一个了
1,247.508,1,25,16777215,1645031504,0,dd285a80,989354983619125248,？？？？？？？？？？？？？？？？？？？？？
1,119.914,1,25,16777215,1645021129,0,5ea4ad64,989267946190675968,完啦，我家在圈内
1,93.784,1,25,16777215,1645021093,0,5ea4ad64,989267652245192704,好家伙，人就在IP附近
1,17.085,1,25,16777215,1645019900,0,cf372e43,989257640349573120,切，我没有QQ。
1,269.663,1,25,16777215,1645016316,0,3086560a,989227572255416320,妇炎洁
1,137.616,1,25,16777215,1645010421,0,6264ebbe,989178124591767552,UP主真牛啊
1,266.57,1,25,16777215,1645005345,0,8b59e982,989135546925572096,妇炎洁？。。
1,383.284,1,25,16777215,1645004933,0,a44f5902,989132084946321408,这个叫做撞库
1,366.056,1,25,16777215,1645003941,0,ab519d98,989123769571295232,不是三个月不登录就消号了吗
1,265.136,1,25,16777215,1645003826,0,ab519d98,989122799910903808,。。。这名字牛逼
1,364.636,1,25,16777215,1645002506,0,cdca8fe3,989111725486891008,我注销了
1,276.276,1,25,16777215,1645001634,0,79b8e458,989104410530250752,妇炎洁？
1,55.597,1,25,16777215,1644995489,0,972ce7b2,989052866292244480,。。up不是都说虚构处理了吗
1,356.707,1,25,16777215,1644993075,0,d265685c,989032618268434432,、
1,267.642,1,25,16777215,1644990654,0,3ff6c65a,989012309677973504,叫卫生巾好了
1,63.741,1,25,16777215,1644989995,0,5ae44aae,989006775994310656,富贵社区
1,362.179,1,25,16777215,1644987255,0,377d42a5,988983794823766016,之前的qq号密码忘记了！！
1,94.234,1,25,16777215,1644987244,0,9123e2b,988983700136878080,？？吃瓜吃到自己家
1,362.179,1,25,16777215,1644987226,0,377d42a5,988983553849278464,我换了一次密码！！！
1,94.99,1,25,16777215,1644985813,0,2342cbc5,988971695587450880,巧了当时我也在岳麓区
1,343.238,1,25,16777215,1644983017,0,eb8fe284,988948244372750336,666
1,96.986,1,25,16777215,1644982463,0,a887802d,988943593533571072,好家伙，我就是岳麓区
1,265.979,1,25,16777215,1644981273,0,def92ef4,988933614025097216,？
1,438.379,1,25,16777215,1644981042,0,b4dcd468,988931672513822720,我看到过一个就是在qq发这种
1,96.0,1,25,16777215,1644974779,0,75190c7a,988879137501061120,这不巧了吗，我这会正在岳麓区上班
1,173.919,1,25,16777215,1644963304,0,460b61b7,988782877168951296,牛
1,294.499,1,25,16777215,1644945928,0,352fe621,988637117579362304,化名，你们看开头了吗
1,384.899,1,25,16777215,1644942903,0,79cec6ef,988611746404196352,那可是我想问一下，他不是有验证码吗？
1,332.139,1,25,16777215,1644942841,0,79cec6ef,988611223748681728,那也有去除痕迹记忆的人，那该怎么办？
1,3.95,1,25,16777215,1644938923,0,5dc1c45b,988578358229671936,这个面具晚上看把我吓一跳
1,272.339,1,25,16777215,1644938632,0,2946f1f,988575917150601216,妇炎洁666
1,59.379,1,25,16777215,1644934219,0,25ac40b0,988538893710835712,说了，地名虚构处理。。。不一定是长沙呢
1,368.096,1,25,16777215,1644932367,0,112dd20,988523361813594112,我丢了三个QQ号了……
1,511.389,1,25,16777215,1644928500,0,9bcd46d6,988490923499290624,我好像有认识人就被这种虚拟号给妈过
1,509.549,1,25,16777215,1644928492,0,9bcd46d6,988490855129030656,好像有
1,267.418,1,25,16777215,1644926309,0,ee3a4575,988472543014207488,笑死我了
1,432.706,1,25,16777215,1644925239,0,7e11242a,988463564426936320,黑信
1,332.539,1,25,16777215,1644925182,0,94442772,988463090961629184,《随机搜索一名幸运诈骗观众进行访问 》
1,357.295,1,25,16777215,1644924907,0,25010719,988460783267192832,换了很多次QQ号了
1,261.521,1,25,16777215,1644924733,0,25010719,988459320485806080,谁信这能是真实姓名啊
1,328.145,1,25,16777215,1644918705,0,9fa6a01d,988408755433512960,真小白
1,263.643,1,25,16777215,1644912278,0,a3638e28,988354840155193344,？？？
1,98.613,1,25,16777215,1644911085,0,495ab5c4,988344831368052736,线下单杀
1,327.344,1,25,16777215,1644910895,0,85551405,988343243988385792,姓名还用打码吗hhhhhh
1,1.059,1,25,16777215,1644910524,0,e27bfc0e,988340125855211520,他喵的我被骗了几千块
1,110.239,1,25,16777215,1644907008,0,2ea9b75,988310633798950912,好家伙，我就住在西湖公园
1,281.528,1,25,16777215,1644906207,0,fb53e363,988303916302950400,妇炎洁。。。
1,541.348,1,25,16777215,1644905962,0,ef9b8518,988301856118374400,难咯，窃钩者诛，窃国者诸侯
1,255.779,1,25,16777215,1644904112,0,b3f441b0,988286343714308096,FYJ
1,255.779,1,25,16777215,1644904103,0,b3f441b0,988286261347991552,fy
1,294.666,1,25,16777215,1644904087,0,48f61353,988286133616173056,妇炎洁
1,377.999,1,25,16777215,1644900182,0,791ec70e,988253375454437376,我也忘记好几个号
1,251.219,1,25,16777215,1644898275,0,faec117f,988237379937501184,牛啊
1,377.299,1,25,16777215,1644897541,0,2be2a551,988231217077952512,弱口令
1,120.779,1,25,16777215,1644897375,0,a76e383f,988229824514883584,随便找三个坐标，以距离为半径画圆，交点不就是位置了吗
1,293.863,1,25,16777215,1644897327,0,c00caa7d,988229422525521920,妇炎洁
1,66.703,1,25,16777215,1644896968,0,af09a83c,988226416171769856,可汗铁蹄踏遍破站网
1,266.452,1,25,16777215,1644896959,0,bf24e71d,988226337806745600,网络侦探
1,93.001,1,25,16777215,1644895982,0,efd79386,988218141547347968,端到端加密怎么抓的
1,277.779,1,25,16777215,1644892667,0,d16d071a,988190335739838464,妇炎洁
1,274.197,1,25,16777215,1644891420,0,3d7a8868,988179869904519168,我同学就叫这个不过是四川人
1,95.299,1,25,16777215,1644890227,0,12b8e7a,988169864357486592,我就住在岳麓区
1,271.707,1,25,16777215,1644887862,0,794e8502,988150022485336064,妇女之友卧槽
1,260.707,1,25,16777215,1644887690,0,38707790,988148583517560832,诈骗之从入门到入牢
1,270.819,1,25,16777215,1644885466,0,3c32fe44,988129924784627712,妇炎洁?！
1,264.899,1,25,16777215,1644881926,0,7346da4e,988100233916735488,？
1,264.277,1,25,16777215,1644881261,0,daad8c8b,988094649942810624,洗洗更健康~
1,55.223,1,25,16777215,1644866010,0,e6812a4c,987966713991266304,被骗过15r
1,273.94,1,25,16777215,1644847239,0,4f418a29,987809254599139328,妇炎洁？
1,96.959,1,25,16777215,1644843864,0,f2d58104,987780942178066432,保护
1,326.262,1,25,15138834,1644842703,0,c6534274,987771204238114816,《全网公敌》
1,364.857,1,25,16777215,1644839458,0,3d8e952c,987743983067594752,这么说马化腾的错？
1,92.667,1,25,16777215,1644839186,0,3d8e952c,987741699796131840,小号也不一定咋骗啊
1,27.179,1,25,16777215,1644839031,0,704fef2e,987740402394144768,没见过
1,31.139,1,25,16777215,1644835925,0,e3611761,987714347294498816,我电脑他本来就有饼毒
1,126.953,1,25,16777215,1644817093,0,989a2d60,987556368905232384,厉害厉害
1,293.899,1,25,16777215,1644814943,0,2992519d,987538340379566080,这名起的实在
1,167.718,5,25,15138834,1644814591,0,d77a03c,987535384877441024,covid19
1,274.339,1,25,16777215,1644812787,0,43bc6a63,987520249417351168,蚌埠住了哈哈哈
1,227.94,1,25,16777215,1644811823,0,f6a9786a,987512160360890368,我生日。。。
1,102.777,1,25,16777215,1644810942,0,4aa89a77,987504769953660928,湖南人震惊
1,392.899,1,25,16777215,1644810538,0,99c2bfc8,987501384132395008,之前的号就是莫名其妙被封了
1,297.463,1,25,16777215,1644807678,0,c0fa5a32,987477390767194112,妇炎洁可还行。。。
1,413.318,1,25,16777215,1644806012,0,c16eeab4,987463417545269248,steam?
1,112.019,1,25,16777215,1644805339,0,c3acc02f,987457774548410368,我也是这么找位置的
1,261.854,1,25,15138834,1644794910,0,654be5f8,987370286443347968,妇炎洁？
1,37.73,1,25,15138834,1644793210,0,1e26d40,987356026339139584,淘宝
1,166.773,1,25,16777215,1644786104,0,dd71e094,987296418209398784,两个圆了查交点啊
1,123.26,1,25,16777215,1644767487,0,6d9e3355,987140249452838912,注意安全，兄弟
1,316.201,1,25,16777215,1644762562,0,9d9d88d,987098932063666176,做大做强，创造辉煌
1,281.409,1,25,16777215,1644762253,0,8575a816,987096342614745088,牛逼啊
1,260.853,1,25,16777215,1644758224,0,ca87d719,987062546636619776,妇炎洁？
1,314.183,1,25,16777215,1644755497,0,2523a9ed,987039668957421568,《 今 日 说 法 》
1,484.519,5,25,16777215,1644755189,0,49c766e1,987037080940019712,是beyond的谁伴我闯荡!
1,120.559,1,25,16777215,1644754141,0,eb3f6156,987028294745571328,我就在圈内
1,101.453,1,25,15138834,1644754103,0,87bffb95,987027969765138432,巧了
1,42.859,1,25,16777215,1644754065,0,30b6f1f3,987027657570697216,QQ号三个月还是半年不登陆就被企鹅回收了吧
1,75.119,1,25,16777215,1644752797,0,82e0c4b3,987017018514628608,我买，为了游戏
1,441.079,1,25,16777215,1644747069,0,cea8d784,986968970063110144,以前我QQ的也发过
1,439.699,1,25,16777215,1644746264,0,95a15848,986962218376413184,我的同学就被这样盗了
1,296.969,1,25,16777215,1644741541,0,1d4eb81a,986922599594917888,妇炎洁
1,466.779,1,25,16777215,1644732495,0,9b4e3516,986846716616450048,上回QQ被盗两三个QB给我转走了，我又找回来了
1,30.819,5,25,15138834,1644731720,0,7b5af453,986840214237962240,懂了，所以下载反诈APP（狗头）
1,313.939,1,25,16777215,1644731663,0,183d4c6d,986839733031256064,妇炎洁？
1,414.961,1,25,16777215,1644730920,0,156fe3e5,986833497474097152,大脚！果然是你
1,292.81,1,25,16777215,1644730844,0,1673dda1,986832864048021504,好家伙还真是妇炎洁
1,392.179,1,25,16777215,1644730783,0,e4d3b714,986832355518259200,然后就导致我忘记了密码，记不住，本来我是有用笔纸记的，但是过了几个月我再登录
1,270.239,1,25,16777215,1644724622,0,79f5ded5,986780667975188480,妇炎洁哈哈哈哈哈哈哈哈
1,225.659,1,25,16777215,1644724207,0,9efdc6ea,986777189595447296,卧槽
1,258.514,1,25,16777215,1644720075,0,cf5d4bbf,986742524812378112,whois是查询域名信息
1,277.959,1,25,16777215,1644712595,0,12abc2d2,986679780026425344,这名字应该都是虚构的吧笑死我了
1,303.316,1,25,16777215,1644691843,0,e9ad8310,986505703007559680,妇炎洁
1,267.877,1,25,15138834,1644683262,0,dec7d9af,986433714901262336,他好我也好
1,25.003,1,25,16777215,1644678360,0,de5b723a,986392593091198976,遇到过
1,305.359,1,25,16777215,1644676222,0,b4bc5c1f,986374659505741824,《妇炎洁》
1,281.27,1,25,16777215,1644675555,0,70d0584a,986369064091361280,洗洗更健康
1,194.097,1,25,16777215,1644668845,0,4067bec3,986312775603658752,hhhc我09年生qq号和我一样大，我爸创的，我现在还用，家亲戚聊天（两太阳两月亮
1,300.499,1,25,16777215,1644668413,0,84fc201f,986309150698979328,这个名字是up主乱找的啊，开头不是说了吗？不透露具体姓名
1,19.379,1,25,16777215,1644667522,0,64170a72,986301677725368320,我压根就没钱，让不法分子见笑了
1,320.896,1,25,16777215,1644666557,0,5fcdfa40,986293587186237440,wcnb
1,367.221,1,25,16777215,1644663463,0,4c3acdad,986267629047693312,我的也是莫名其妙登不了
1,273.03,1,25,16777215,1644659288,0,57468fe5,986232610776227840,妇炎洁
1,189.019,1,25,16777215,1644658814,0,2a862862,986228634191642624,我好友里有用这个头像的
1,299.259,1,25,16777215,1644658490,0,d32fe620,986225914995056640,妇炎洁(눈_눈)
1,262.919,5,25,16707842,1644658013,0,2de35ce,986221915340603392,妇 炎 洁[doge]
1,223.379,1,25,16777215,1644657012,0,3468376e,986213516450611200,这也行？
1,113.859,1,25,16777215,1644656794,0,28b6d17d,986211682674335744,阿姨我看到了我家
1,268.112,1,25,16777215,1644649345,0,d8d17503,986149195954896896,妇炎洁？
1,415.054,1,25,16777215,1644646491,0,7c9105ea,986125256654004224,我也就三个太阳
1,357.609,1,25,16777215,1644646426,0,7c9105ea,986124716181569536,我也被盗过
1,269.159,1,25,16777215,1644645871,0,4fca137,986120056335777792,妇炎洁
1,359.671,1,25,16777215,1644637322,0,3025bdac,986048344077312000,是我了 我当时注册了三四个 密码什么都不记得了
1,227.341,1,25,16777215,1644635109,0,69ca07d2,986029782389866496,666
1,297.939,1,25,16777215,1644632893,0,83e0ab79,986011186385076224,社死了
1,242.729,1,25,16777215,1644632267,0,5ef4e5cf,986005935779520512,牛逼
1,267.943,1,25,16777215,1644631917,0,2876b1d8,986003005418389504,燃起来了
1,296.991,1,25,16777215,1644630482,0,4fdbc02d,985990965716246528,妇炎洁
1,500.538,1,25,16777215,1644627581,0,239f02aa,985966630481084416,灰色轨迹
1,363.616,1,25,16777215,1644627311,0,d1f75bb,985964364642664448,黑卡？
1,126.059,1,25,16777215,1644610368,0,92dad0ec,985822237163741184,难道是我？
1,276.341,1,25,16777215,1644602492,0,e14d3e29,985756167468187648,妇炎洁？哈哈哈哈
1,305.155,1,25,16777215,1644591357,0,e13bffdf,985662761003065344,这记得比他本人都清楚
1,261.845,1,25,16707842,1644587321,0,e54221b,985628901396922368,妇炎洁？好名字好名字
1,445.249,5,25,15138834,1644586613,0,c61fc3b0,985622965210218496,妇炎洁太坏了
1,446.647,1,25,16777215,1644584582,0,9a399d92,985605927786373120,吓得我赶紧去改密码哇擦
1,1.599,1,25,11890,1644580604,0,3076d435,985572561045045248,牛啊
1,418.958,1,25,16777215,1644578520,0,2f0d72e6,985555072916791296,我的六位数qq就是这么被盗的
1,299.939,1,25,16777215,1644576749,0,28135d32,985540224641269760,名字是虚构的应该，开头说了
1,274.321,1,25,16777215,1644575661,0,daec01e5,985531094419939328,这名字就暴露了
1,215.73,1,25,16777215,1644575547,0,daec01e5,985530133546803200,1.25倍有点迷糊
1,147.696,1,25,16777215,1644575402,0,daec01e5,985528917393670144,又是个闲的没事的神人
1,101.024,1,25,16777215,1644572108,0,8b75dfa1,985501289827368960,我也在长沙
1,108.251,5,25,15138834,1644571449,0,4c8e2058,985495762481373184,西湖公园，离我家好近
1,94.651,5,25,15138834,1644571384,0,4c8e2058,985495213738328064,看到我家了
1,364.862,1,25,15138834,1644569782,0,1a1149e6,985481778268364800,我注册的号就是别人的说说就发到12年就断了
1,347.881,1,25,15138834,1644569705,0,1a1149e6,985481134108450816,我的扣扣是九位数08年的
1,255.032,1,25,16777215,1644568553,0,7fb9b3a6,985471470186823680,已经看不懂了 好厉害啊
1,270.199,1,25,16777215,1644568418,0,7180676b,985470334807293952,妇炎洁？
1,276.919,1,25,16777215,1644567286,0,aabd3956,985460836281278464,洗洗更健康
1,278.028,1,25,16777215,1644567152,0,dca3a5e1,985459718481756160,洗洗更健康吗
1,19.719,1,25,16777215,1644565289,0,fe34a215,985444090663493632,遇到过
1,262.772,5,25,16776960,1644564328,0,e3ef9501,985436023094149120,妇炎洁
1,263.704,1,25,16777215,1644563419,0,dae4f2aa,985428403863650304,妇炎洁
1,290.004,1,25,16777215,1644561947,0,dc20a654,985416048191365120,洗洗更健康
1,44.519,1,25,16777215,1644560760,0,7d87e623,985406090992992256,艾，没QQ
1,42.239,1,25,16777215,1644560018,0,4f49683c,985399874040782848,保护我方输出
1,31.825,1,25,16777215,1644556249,0,a5b7963b,985368252514795520,我被骗了900多个w
1,362.362,1,25,16777215,1644555521,0,2e2fc244,985362146522718208,对
1,321.009,1,25,16777215,1644553714,0,eb70108c,985346987446616064,都说了虚构的姓名
1,239.838,1,25,16777215,1644553169,0,3c9333fd,985342418092998656,找网络公司不就行了
1,105.019,1,25,16777215,1644552928,0,61aa0d65,985340395402264576,解放西？
1,94.611,1,25,16777215,1644551039,0,4e322a09,985324549847179264,！当时我也在
1,292.459,1,25,16777215,1644549822,0,3039ab57,985314336715964416,妇炎洁（雾
1,269.391,1,25,16777215,1644548376,0,ba0bd5bc,985302210337021952,妇炎洁
1,264.621,1,25,16777215,1644547261,0,3e993d72,985292859492909056,妇炎洁
1,94.759,1,25,16777215,1644545500,0,c8f96552,985278082465579008,wc
1,121.539,1,25,16777215,1644545386,0,ec788165,985277128819400704,我家附近
1,305.519,1,25,16777215,1644543539,0,1eb21407,985261632979935232,太牛逼了
1,256.913,5,25,41194,1644537650,0,bb34ca93,985212238028152832,可以查Q绑
1,297.699,1,25,16777215,1644522941,0,620fbc8c,985088848282968064,妇炎洁？
1,268.453,1,25,15138834,1644519229,0,a28ff4b5,985057710326243328,妇炎洁？？？？？？
1,75.956,1,25,16777215,1644518644,0,c646ae96,985052803377528832,我
1,405.2,1,25,16777215,1644511511,0,dc492388,984992966599294976,哈哈哈哈哈挖矿
1,270.959,1,25,16777215,1644511329,0,5607196d,984991438049452032,我们都用妇炎洁，洗洗更健康！
1,278.315,1,25,16777215,1644511153,0,a96d1b8a,984989960547450880,洗洗更健康
1,278.034,1,25,16777215,1644509555,0,dfcc6702,984976560359456768,妇炎洁？
1,303.524,1,25,16777215,1644505763,0,5e4b98cf,984944747846451200,妇炎洁hhhc
1,245.943,1,25,16777215,1644505073,0,8d70cebe,984938955649630208,我靠 3.10我生日
1,296.806,1,25,16777215,1644503807,0,16da671f,984928339423698944,妇炎洁
1,443.85,1,25,16777215,1644502808,0,6b49529b,984919962583834624,比较设死
1,401.071,1,25,16777215,1644502677,0,d50bf760,984918860359647232,我的一个10年的号，20年被盗了，贼难受。
1,447.26,5,25,15138834,1644500239,0,9b12cf47,984898405762465792,我们班同学有好几个被盗了
1,154.95,1,25,16777215,1644499846,0,10c2ba0e,984895108752252928,288
1,60.297,1,25,16777215,1644498893,0,490592b9,984887120560267264,T/e/l/e/g/r/a/m?
1,68.996,1,25,16777215,1644497619,0,270a4ac1,984876433133232128,警察：好兄弟给我整业绩
1,83.006,1,25,16777215,1644497308,0,f63adebb,984873819809783808,前面的自爆了？？？
1,325.113,1,25,16777215,1644497071,0,9d848b11,984871832702869504,你也没想到
1,432.139,1,25,16777215,1644496179,0,823b86b5,984864353042472960,谁还敢看片→_→
1,301.768,1,25,16777215,1644495786,0,2c2ccbb,984861053401833472,BGM是啥啊
1,137.939,1,25,16777215,1644491035,0,b669461a,984821202512781312,高手啊
1,278.139,1,25,16777215,1644489929,0,1418e380,984811922327298048,妇炎洁
1,53.945,1,25,16777215,1644489152,0,26f9565e,984805404608978944,名字是免费社工
1,53.945,1,25,16777215,1644489142,0,26f9565e,984805316468531200,我在那个群里面
1,53.945,1,25,16777215,1644489133,0,26f9565e,984805241489063936,我在那个群里面
1,191.777,1,25,16777215,1644489030,0,73d8058b,984804380876546048,md，我也是三个太阳  
1,366.019,1,25,16777215,1644487543,0,e673210,984791906724732928,我有四个号忘了仨
1,292.839,1,25,16777215,1644486395,0,2493d882,984782275164381184,妇炎洁。。。
1,306.706,1,25,16777215,1644483636,0,a8b7d3d5,984759132228689920,这名字咋了
1,97.002,1,25,16777215,1644483024,0,b67f6eae,984753999658237952,这个区好像是货拉拉案出名的法院的那个区
1,271.379,1,25,16777215,1644482461,0,8ddd3a8f,984749279410503680,妇炎洁
1,78.06,1,25,16777215,1644479609,0,e1b01c05,984725354574397440,游戏的呢？动不动就说搞诈骗
1,295.271,1,25,16777215,1644478449,0,214835a5,984715623149592576,妇炎洁
1,265.203,1,25,16777215,1644475934,0,e6a6aef9,984694524050219008,妇炎洁
1,28.198,1,25,16777215,1644475229,0,f03f80bb,984688607530385408,管管那些给拼多多打广告的百万UP主吧
1,399.979,1,25,16777215,1644475166,0,524c3ee,984688082654011392,卧槽
1,296.379,1,25,16777215,1644475016,0,1fe63209,984686822121742336,妇炎洁?
1,272.387,1,25,16777215,1644473930,0,f648e63,984677711226953728,牛皮 妇炎洁
1,303.139,1,25,16777215,1644472657,0,a8692d75,984667035296317440,侮辱性极强
1,43.779,1,25,16777215,1644472424,0,ffbe4532,984665082035134464,Tx批发饿
1,424.225,1,25,16777215,1644470990,0,b83e706,984653049090899968,17年q龄，63级，马上就一个皇冠
1,268.011,1,25,16777215,1644465977,0,c4d2cff3,984610994356174848,妇炎洁
1,339.775,1,25,16777215,1644464800,0,f1660c12,984601124016308224,被盗号了的
1,270.794,1,25,16777215,1644464108,0,d16e43be,984595318469926912,妇炎洁？
1,301.564,1,25,16777215,1644462929,0,898f69a1,984585427554910208,妇炎洁
1,488.185,5,25,15138834,1644461814,0,c79a06f4,984576072764669952,我办手机卡的时候我爸帮我选的说不要170会被别人以为推销
1,18.704,5,25,16777215,1644460331,0,74f47fc0,984563639492337664,你可以去交易猫卖点东西，然后就有骗子找你
1,264.592,1,25,16777215,1644456035,0,fcc46658,984527594528260096,妇炎洁
1,361.704,1,25,16777215,1644450196,0,197a3a3e,984478618442350592,卧槽，我好几个小时候注册的都忘了。。
1,178.706,1,25,16777215,1644449873,0,d5718fce,984475908285267968,？？
1,357.919,1,25,16777215,1644447564,0,398b7a5e,984456540955672576,这么说我也盗过号，谁的？我爸
1,130.9,1,25,16777215,1644418158,0,736dc838,984209864907448320,牛
1,542.557,1,25,16777215,1644415047,0,ea6e1a8d,984183768558395392,愿天下无骗
1,75.327,1,25,41194,1644413979,0,55f1232c,984174802865938432,我不诈骗但我也要小号
1,528.869,1,25,16777215,1644410118,0,1c4b104,984142414445617152,厉害厉害
1,228.366,1,25,16777215,1644409801,0,1c4b104,984139758985175040,nb
1,282.039,1,25,16777215,1644408563,0,70e54ba4,984129378126512128, 不 做 人 了
1,119.74,1,25,16777215,1644405586,0,9f890383,984104397435518976,联想电脑:)
1,530.907,1,25,16777215,1644404334,0,434efddd,984093901207109632,买号是为了充Q币赠送大号
1,301.27,1,25,16777215,1644396952,0,ac43aebb,984031976126291968,守护解放西
1,61.579,1,25,16777215,1644396704,0,febaed9a,984029897288982528,电 报
1,262.409,5,25,15138834,1644395752,0,e0d697f6,984021910474948608,《妇炎洁》
1,242.739,1,25,16777215,1644395477,0,ea01d6c,984019597113737216,能搬到台面，佩服，加油，支持你
1,380.012,1,25,16777215,1644394100,0,fb40195b,984008051837575168,BGM是什么
1,527.142,1,25,16777215,1644380049,0,24794d84,983890185177907200,nb
1,262.379,1,25,8700107,1644375332,0,4db8dbdb,983850613116477440,妇炎洁，意思是嘲讽查询者？
1,52.259,1,25,15138834,1644371768,0,fafedddf,983820711153541120,我猜实际是上海
1,343.266,1,25,16777215,1644341724,0,38f323af,983568690941329408,摇摆阳和杀马特团长
1,86.426,1,25,16777215,1644341194,0,38f323af,983564244876787712,间谍
1,287.288,1,25,16777215,1644339767,0,c1c9dc8f,983552270305042432,nb
1,125.67,1,25,16777215,1644337308,0,56c0f810,983531647586623488,都是虚构的地名
1,270.221,1,25,16777215,1644335177,0,e32a87d6,983513765173837824,妇炎洁？？
1,275.53,1,25,16777215,1644334542,0,c6ceaf31,983508443944796160,妇炎洁？
1,274.711,1,25,16777215,1644333423,0,77921212,983499052601974784,妇炎洁
1,55.88,1,25,16777215,1644331983,0,df9bd97d,983486976349446144,这些小号一分一个，我都是用来开挂的
1,140.659,1,25,16777215,1644328864,0,47bd9282,983460811171495936,牛批啊
1,413.84,1,25,16777215,1644328438,0,caa6bdf6,983457238982180864,我的QQ就中过病毒，但我绑定着QQ安全中心
1,295.58,1,25,16777215,1644327874,0,754ae911,983452502118924288,名字是虚构的 仔细看视频
1,266.333,1,25,16777215,1644325264,0,748db58b,983430610099486720,这么健康
1,104.274,1,25,16777215,1644324693,0,d55cbc21,983425824965648384,打游戏的表示我QQ小号好几个
1,280.287,1,25,16777215,1644319262,0,e6bc1557,983380262356639744,好家伙，这名字不干这勾当可惜了
1,1.139,1,25,16777215,1644318974,0,fcdcef85,983377851047534592,保护
1,275.653,1,25,16777215,1644318350,0,514cb9a8,983372614664568832,我笑死了
1,365.107,1,25,16777215,1644317996,0,4f32f92a,983369647057477632,我QQ空间总是出现一些很早的QQ号，来访问，并且还好像是色情，诈骗之类的
1,536.482,1,25,16777215,1644317031,0,5414f289,983361543840096256,新的一年，愿天下无诈。
1,330.67,1,25,16777215,1644316781,0,99cca11e,983359454196957184,我是红╰(⇀‸↼)╯
1,276.758,1,25,16777215,1644316081,0,ce9818a6,983353579449712640,妇炎洁？是说好耳熟
1,296.205,1,25,16777215,1644315732,0,88902660,983350652786499584,我们都用妇炎洁
1,55.044,5,25,15138834,1644315299,0,e29651d8,983347020241682432,tel?
1,235.879,1,25,16777215,1644314477,0,eb783ecd,983340120518483968,厉害
1,264.783,1,25,16777215,1644314101,0,d29d4479,983336973216120832,妇炎洁
1,21.94,1,25,16777215,1644312308,0,52bdb6c,983321931620712448,同学遇到过，被骗两百
1,0.0,1,25,16777215,1644311140,0,20e208de,983312135432691712,章云，我是你哥章杰初中同学啊，来帮化州老乡顶视频
1,9.598,1,25,104601,1644310602,0,50779fb8,983307617909276672,双厨狂喜
1,260.628,1,25,16777215,1644308220,0,46db428d,983287638723788800,从零开始
1,184.104,5,25,16777215,1644308171,0,dd0cdbf5,983287222684459008,鸡你太美
1,349.855,5,25,16646914,1644301705,0,d0530616,983232988035792896,fyj，杰哥
1,364.669,1,25,16777215,1644300618,0,d29ba3d9,983223868471590912,啊，我拿注册机注册了几万个。
1,272.378,1,25,16777215,1644298815,0,84adeb43,983208737866678272,嗯？？？
1,278.109,1,25,16777215,1644293502,0,d80c703d,983164173576093696,妇炎洁
1,54.219,1,25,16777215,1644286840,0,fd480ede,983108289142063104,地址也匿名的
1,365.364,1,25,16777215,1644285995,0,64245c21,983101196201009152,我之前也是没了一个QQ
1,292.02,1,25,16707842,1644282801,0,d2a88069,983074404229160960,妇炎洁？？？
1,213.579,1,25,15138834,1644262858,0,ede294cb,982907108125810688,nb
1,60.333,1,25,16777215,1644261463,0,33424fa9,982895410883231744,坡子街直呼内行
