page,time_in_video,mode,font_size,color,send_time,danmu_pool,user_hash,danmu_id,content
1,86.86,1,25,16777215,1765100746,0,90ed3c5f,1996568786249681408,确实是这样，唯一好点是没有进厂有毒气体。但工资很低
1,8.394,1,25,16777215,1765153704,0,f51897b5,1997013028104649984,赛博打螺丝
1,76.952,1,25,16777215,1765127001,0,de5bd55d,1996789029865175808,客服本身也挺苦逼的，每天跟神人打交道
1,111.493,1,25,16777215,1765963944,0,931a825e,2003809819169212672,？笑死我了
1,66.769,1,25,16777215,1765098226,0,c14c3f24,1996547644021374720,工位环境没这么好
1,3.7,1,25,16777215,1766566379,0,657d2179,2008863409642289920,做过，我的评价是赛博流水线，之前去的一个中小厂吧，他毕竟还有分公司分基地，走的人来的人每周都有
1,92.06,1,25,16777215,1765341203,0,421413c9,1998585882659267328,电子流水线可不是白叫的，而且还没流水线挣得多
1,48.778,1,25,16777215,1765297113,0,d630fbff,1998216035090206976,易宝不是最典型的外包吗
1,5.256,1,25,16777215,1765189709,0,4661115,1997315058191561984,不闪吗
1,9.151,1,25,16777215,1765176339,0,d55d920e,1997202903408589568,神人片头
1,113.76,1,25,16777215,1770482801,0,fe087083,2041716738235912960,这是真的，我见过数据标注公司派质检员去监狱做培训
1,36.726,1,25,16777215,1767567026,0,3b16c5a1,2017257439007351296,重庆这边就是去干过两周，每天都在加量。压力也大。
1,16.724,1,25,16777215,1766465560,3,ab42af60,2008017674629729280,1
1,18.648,1,25,16777215,1766310828,0,65b3af97,2006719685559331840,能工智人
1,12.3,1,25,16777215,1765944437,3,d181bde1,2003646180252411136,1
1,65.368,1,25,16777215,1765367223,0,6008ab2b,1998804154625752320,能工智人
1,95.94,1,25,16777215,1765325538,0,9a58a60f,1998454476583259136,长期盯着电脑看容易眼干眼涩。
1,0.804,1,25,16777215,1765287660,0,ebe61ac0,1998136735514677248,谁教你这样闪屏的
1,113.053,1,25,16777215,1765265701,0,db3ce65e,1997952524711126272,蚌埠住了
1,141.178,1,25,16777215,1765263508,0,b402e3a,1997934133233912320,我一般右手鼠标左手键盘
1,61.447,1,25,16777215,1765262561,0,b8abd15e,1997926185824258048,让我想起了史丹利的寓言
1,59.1,1,25,16777215,1765261571,0,f1df6008,1997917886983113216,你就说，这算不算AI吧？Doge
1,30.268,1,25,16777215,1765180540,0,ef929d7d,1997238150644314368,未来标注也会给大模型来做
1,89.824,1,25,16777215,1773309945,0,a71c7f8b,2065432539140929792,没错跟不上累得要死
1,103.498,1,25,16777215,1773194380,0,33bc7f63,2064463109892354816,比工厂差是真的  关键还没有上升空间
1,102.701,1,25,16777215,1772503852,0,3dc224c5,2058670536598764288,至少工厂可能还是站一天，能坐着按鼠标不错了
1,17.616,1,25,16777215,1772379727,0,f231aa53,2057629300689717504,一般是2k以下，别问为什么知道
1,22.415,1,25,16777215,1772134111,0,ab51ae1,2055568927601851392,费眼睛
1,100.091,1,25,16777215,1771437604,0,ec81bb4f,2049726207637660160,工厂环境不行
1,42.861,1,25,16777215,1771274197,0,7aa5b39c,2048355447719269376,暂停看职位详情和薪资，真敢要啊
1,111.101,1,25,16777215,1768907081,0,f6283b7e,2028498639915883008,医学图像等专业图像是需要医生、研究生、工程师来标的
1,37.377,1,25,16777215,1768906972,0,f6283b7e,2028497722956955904,初始数据集完成后就训练模型让模型自己标了
1,98.06,1,25,16777215,1768393891,0,394d5275,2024193690193113088,厂妹没什么好的
1,22.141,1,25,16777215,1768022296,0,d1ac455d,2021076527617985280,没那么多
1,14.597,1,25,16777215,1767693481,3,2aa1d4b7,2018318224801930240,2
1,15.049,1,25,16777215,1767687028,3,46235b83,2018264088467198976,1
1,15.06,1,25,16777215,1767623140,3,fd72197,2017728162213165568,1
1,15.0,1,25,16777215,1767602875,3,5ddf5b01,2017558165109200128,4
1,16.978,1,25,16777215,1767584445,3,2362f0e9,2017403562116178432,1
1,13.306,1,25,16777215,1767580415,3,effc4f7b,2017369759917772544,1
1,83.017,1,25,16777215,1767542723,0,bd49bdcb,2017053575020703232,对，其实数据标注和审核和电子厂差不多
1,13.449,1,25,16777215,1767541737,3,bbe16420,2017045300648432128,5
1,177.622,1,25,16777215,1767514517,3,f84bc6df,2016816960758692864,推荐
1,14.736,1,25,16777215,1767469064,3,14f98d9d,2016435677008451072,1
1,16.359,1,25,16777215,1767459382,3,6b5efdc5,2016354459722383872,1
1,15.623,1,25,16777215,1767445838,3,3cc84a9f,2016240844289812480,1
1,175.725,1,25,16777215,1767435375,3,6d0d73b5,2016153071708994560,推荐
1,14.911,1,25,16777215,1767410152,3,c52f84fe,2015941490924403200,1
1,14.741,1,25,16777215,1767326363,3,80540ad9,2015238617882233600,3
1,175.9,1,25,16777215,1767232755,3,47c52c98,2014453372098282496,推荐
1,176.194,1,25,16777215,1767226973,3,e711620,2014404873545783296,推荐
1,12.3,1,25,16777215,1767185285,3,8377dde9,2014055165178590720,1
1,14.159,1,25,16777215,1767162566,3,9a575768,2013864583999329536,1
1,12.3,1,25,16777215,1767157810,3,aec28e06,2013824691881629184,3
1,14.145,1,25,16777215,1767142330,3,66436dfa,2013694832035469312,1
1,14.54,1,25,16777215,1767135416,0,f0767ba9,2013636837872382976,0
1,15.942,1,25,16777215,1767087964,3,b7572b80,2013238779732583936,5
1,14.948,1,25,16777215,1767087526,3,41298244,2013235108676516096,5
1,17.168,1,25,16777215,1767081812,3,2ca9f03c,2013187169702949120,1
1,14.341,1,25,16777215,1767076973,3,c3d11186,2013146582673029632,1
1,13.115,1,25,16777215,1767055198,3,8cb6ff8b,2012963914912316416,1
1,177.616,1,25,16777215,1767012351,3,dfb5af04,2012604493157647872,推荐
1,15.217,1,25,16777215,1767009853,3,ae39fda9,2012583532358282240,5
1,15.0,1,25,16777215,1767000106,3,7647a9e4,2012501770685029888,5
1,15.872,1,25,16777215,1766988441,3,de0d1c83,2012403921573944832,1
1,16.543,1,25,16777215,1766917108,3,10cda97c,2011805535028178944,1
1,103.829,1,25,16777215,1766836911,0,c550f221,2011132793514137088,注意，大部分为了保护隐私，打标是不能携带手机的，电脑也不能联外网
1,14.228,1,25,16777215,1766797314,3,b0f74111,2010800632411276544,1
1,14.803,1,25,16777215,1766771380,3,f1241e4e,2010583081832007680,1
1,15.248,1,25,16777215,1766752991,3,8aa28f9,2010428822436157696,1
1,174.43,1,25,16777215,1766751593,3,2bb7cfb5,2010417092519608832,推荐
1,178.618,1,25,16777215,1766743882,3,63a02ac3,2010352411386219520,推荐
1,12.3,1,25,16777215,1766709039,3,d479037e,2010060127394535168,1
1,13.657,1,25,16777215,1766641486,3,3e3a8ae2,2009493452874005248,1
1,175.974,1,25,16777215,1766612848,3,118eb802,2009253217493770240,推荐
1,13.327,1,25,16777215,1766609854,3,301bb393,2009228100382195200,5
1,26.123,1,25,16777215,1766591398,0,b26b205,2009073278446619648,赛博打螺丝
1,17.27,1,25,16777215,1766580170,3,6d3e8249,2008979097346259712,3
1,173.753,1,25,16777215,1766575231,3,ee146c1,2008937662387544832,推荐
1,13.58,1,25,16777215,1766566613,0,657d2179,2008865365454867968,真不建议做，去做几个月，音频标注，视频审核，车辆标注，小说情感分析，3d2d都做过，过渡打暑假工还行，长做学不到东西
1,5.707,1,25,16777215,1766548045,0,16f304c5,2008709606251303680,低工资的赛博流水线
1,15.801,1,25,16777215,1766540029,3,fc2307ec,2008642363328951040,1
1,15.684,1,25,16777215,1766537588,3,f50121e5,2008621893221151488,1
1,13.648,1,25,16777215,1766513346,3,56efc780,2008418532584558336,1
1,15.191,1,25,16777215,1766509296,3,91874067,2008384562438216704,1
1,15.019,1,25,16777215,1766493970,3,c0705301,2008255999797981184,1
1,15.475,1,25,16777215,1766484267,3,44051b20,2008174600587982592,1
1,80.491,1,25,16777215,1766455841,0,e9dd7574,2007936148634533888,赛博流水线
1,15.891,1,25,16777215,1766452622,3,5ffffd9a,2007909146132954368,1
1,13.478,1,25,16777215,1766449823,3,b81be9bc,2007885667937999616,1
1,16.879,1,25,16777215,1766434391,0,6241d505,2007756210400563712,闪你冯呢
1,15.369,1,25,16777215,1766426515,3,d0775d70,2007690140666909952,1
1,14.053,1,25,16777215,1766418992,3,73f2a10,2007627033110526464,1
1,17.0,1,25,16777215,1766415980,3,9d56fea7,2007601770330754560,1
1,16.315,1,25,16777215,1766410328,3,9bf3160c,2007554354688785920,1
1,14.143,1,25,16777215,1766408675,3,d9bb2bc5,2007540488923845632,1
1,14.711,1,25,16777215,1766394613,3,6e39f651,2007422531681949440,1
1,12.378,1,25,16777215,1766394607,0,6e39f651,2007422480620883456,我还以为我卡了
1,178.149,1,25,16777215,1766384289,3,d8909ef8,2007335926182929664,推荐
1,13.603,1,25,16777215,1766373506,3,8e468bd5,2007245466647161856,1
1,15.481,1,25,16777215,1766371519,3,10304b3,2007228799322000640,3
1,14.317,1,25,16777215,1766370293,3,92fc778,2007218514611856128,1
1,17.129,1,25,16777215,1766366568,3,17669cfb,2007187274152113408,2
1,14.354,1,25,16777215,1766330026,3,4183eda0,2006880737890309120,2
1,15.839,1,25,16777215,1766326558,3,9d4e0cf1,2006851638731666688,1
1,16.016,1,25,16777215,1766323743,3,1a85763b,2006828027476006144,1
1,14.925,1,25,16777215,1766312522,3,4bc38a15,2006733899878720000,5
1,173.694,1,25,16777215,1766304966,3,64afcd82,2006670511907734272,推荐
1,38.955,1,25,16777215,1766296931,0,12d43877,2006603108872444672,标这东西就为了训ai，要是ai能标了说明有人已经标过了
1,15.822,1,25,16777215,1766293835,3,110176a,2006577138412976896,4
1,13.634,1,25,16777215,1766292723,3,9aca2015,2006567810842537728,5
1,40.872,1,25,16777215,1766277926,0,176ba2c1,2006443688569460224,现在就可以给ai做，只是成本比人高而已
1,14.474,1,25,16777215,1766172280,3,69b99d32,2005557463826566656,1
1,12.375,1,25,16777215,1766160920,3,bf9dbe4a,2005462173820033280,5
1,15.947,1,25,16777215,1766107420,3,6f7168d2,2005013380557300224,5
1,177.222,1,25,16777215,1766031026,3,fa78a778,2004372538922559232,推荐
1,13.29,1,25,16777215,1766025153,3,21998698,2004323272594068480,1
1,12.436,1,25,16777215,1765998568,3,22e8456e,2004100258782653952,1
1,15.637,1,25,16777215,1765990641,3,bde599ed,2004033766699610880,5
1,15.4,1,25,16777215,1765988467,3,65524808,2004015527475001856,3
1,177.846,1,25,16777215,1765986974,3,6d7810f0,2004003005179291904,推荐
1,16.95,1,25,16777215,1765983940,3,9facff7,2003977556977884928,1
1,100.589,1,25,16777215,1765970431,0,907f9849,2003864232621665792,流水线真没啥妹妹，全是四五十岁的
1,176.97,1,25,16777215,1765925570,3,eeec7cb9,2003487907134205184,推荐
1,13.408,1,25,16777215,1765920108,3,abd09822,2003442093607192320,4
1,15.894,1,25,16777215,1765911974,3,a1f84fa5,2003373857783975424,1
1,14.903,1,25,16777215,1765900478,3,411c06fb,2003277420945680896,1
1,14.997,1,25,16777215,1765883870,3,8b778884,2003138109931443968,1
1,14.0,1,25,16777215,1765774966,3,c6defac2,2002224549936062976,2
1,175.356,1,25,16777215,1765759802,3,902b74ca,2002097348263964160,推荐
1,12.664,1,25,16777215,1765731750,3,1fcf734f,2001862031586014208,1
1,19.04,1,25,16777215,1765730257,0,b2f6bc77,2001849508678009344,b片头
1,174.333,1,25,16777215,1765723841,3,9cdc721e,2001795683065221888,推荐
1,16.771,1,25,16777215,1765707159,3,1c4812a0,2001655745673833728,1
1,176.766,1,25,16777215,1765685711,3,a49d17d,2001475824444148224,推荐
1,13.258,1,25,16777215,1765682087,3,5ca38c33,2001445425588125696,5
1,174.279,1,25,16777215,1765668516,3,985657e0,2001331582698311936,推荐
1,177.357,1,25,16777215,1765643842,3,5ddb1c46,2001124607972881664,推荐
1,14.302,1,25,16777215,1765599931,3,cd4303e7,2000756253324029440,1
1,14.251,1,25,16777215,1765548073,3,7f1d0fee,2000321233467631360,5
1,175.11,1,25,16777215,1765545838,3,4f9c70ff,2000302484316590848,推荐
1,14.094,1,25,16777215,1765539935,3,df6606cc,2000252971346340864,3
1,14.495,1,25,16777215,1765537901,3,72ad010f,2000235909664310016,1
1,16.679,1,25,16777215,1765531628,3,39e68790,2000183284302559232,1
1,129.697,1,25,16777215,1765529250,0,cc8a538d,2000163340378804480,还不如直接学ai
1,13.361,1,25,16777215,1765522555,3,f6973dec,2000107177129703680,4
1,14.454,1,25,16777215,1765515318,3,1b4f1f2e,2000046471197951232,1
1,25.54,1,25,16777215,1765511602,0,2fecd517,2000015291765730816,这一看都是假消息
1,13.988,1,25,16777215,1765487598,3,7d8eb9,1999813938891697664,5
1,14.884,1,25,16777215,1765469312,3,517cee2f,1999660545770523136,1
1,52.248,1,25,16777215,1765469260,0,c8461bf2,1999660105150717696,自己什么 b 样还不清楚吗
1,16.157,1,25,16777215,1765466961,3,3a52ca7,1999640823406732800,1
1,14.545,1,25,16777215,1765444818,3,6b34f700,1999455066976734464,5
1,14.61,1,25,16777215,1765441802,3,1b48be3a,1999429767069441024,1
1,12.3,1,25,16777215,1765436368,3,8afd63b0,1999384185101434112,1
1,15.051,1,25,16777215,1765431827,3,310bd118,1999346093598780928,1
1,15.99,1,25,16777215,1765416265,3,832bd509,1999215554233552640,1
1,13.42,1,25,16777215,1765408998,3,3bd261b3,1999154589412573952,1
1,13.066,1,25,16777215,1765406429,3,3dc8d6b9,1999133041536376576,1
1,14.544,1,25,16777215,1765401493,3,4aec604c,1999091637011420416,1
1,12.473,1,25,16777215,1765401044,3,1cbec01b,1999087864108811264,3
1,15.497,1,25,16777215,1765398592,3,829485c2,1999067300988374528,1
1,14.607,1,25,16777215,1765390224,3,c777767c,1998997100805049600,1
1,17.018,1,25,16777215,1765386096,3,eec63b0f,1998962474820425216,1
1,14.685,1,25,16777215,1765384453,3,776c6fa2,1998948696447839488,1
1,15.049,1,25,16777215,1765383076,3,1c357724,1998937138690980096,1
1,4.519,1,25,16777215,1765382700,0,2cdc08cb,1998933983912232960,纯牛马
1,13.631,1,25,16777215,1765374984,3,6f7b2d9e,1998869264727377152,1
1,16.0,1,25,16777215,1765371065,3,fa3334e2,1998836382239644416,2
1,19.859,1,25,16777215,1765339633,0,d6875f3d,1998572712251517184,纯牛马
1,9.059,1,25,16777215,1765339610,0,d6875f3d,1998572524598489344,神经
1,33.765,1,25,16777215,1765325365,0,d291b1dc,1998453025396147456,不懂装懂笑死我了，神tm大模型做标注
1,94.954,1,25,16777215,1765291911,0,a2d2afa8,1998172395034458624,谁告诉你进厂就有有毒气体了？
1,8.793,1,25,16777215,1765280735,0,a4513566,1998078639874316032,我为啥没早点看到这个啊
1,90.777,1,25,16777215,1765278446,0,ec958076,1998059440548692480,去年毕业实习干了四个月，现在食指关节还有点隐隐作痛
1,22.754,1,25,16777215,1765262651,0,23a48084,1997926947393170944,点错了
1,125.12,1,25,16777215,1765261656,0,f1df6008,1997918595006531328,自己把自己工作做绝种了
1,8.794,1,25,16777215,1765254450,0,3675af03,1997858147544481536,谁教你这样剪视频的？
1,7.591,1,25,16777215,1765109456,0,eea4e03f,1996641853139329792,别闪，瞎眼
